<?xml version="1.0" encoding="utf-8"?>
<!--/3029513/1357958/2.50/2/2/Resistor/-->
<quadcept_library>
  <setting unit="mil" />
  <textstyle name="Default" height="47.244094488189" strokewidth="7.8740157480315" charwidth="47.244094488189" />
  <textstyle name="Dimension" height="19.6850393700787" strokewidth="0" charwidth="19.6850393700787" />
  <textstyle name="H127W0635TH00762" height="50" strokewidth="3" charwidth="25" />
  <textstyle name="H15W15TH02" height="59.0551181102362" strokewidth="7.8740157480315" charwidth="59.0551181102362" />
  <padstyle name="r145_95" surface="True" plated="False" isvia="False" nopaste="False" nomask="True" complex="False" holesize="0">
    <padshape layer="TOP" shape="rectangle" width="37.401574803149" height="57.086614173228" />
    <padshape layer="TOP_SOLDER_MASK" shape="rectangle" width="45.275590551181" height="64.960629921259" />
    <padshape layer="TOP_SOLDER_PASTE" shape="rectangle" width="37.401574803149" height="57.086614173228" />
  </padstyle>
  <footprint name="RCS0805_E3" originx="0" originy="0" pickpointx="0" pickpointy="0">
    <pcbpin number="1" name="1" style="r145_95" originx="-38.385826771653" originy="0" rotation="0" />
    <pcbpin number="2" name="2" style="r145_95" originx="38.385826771653" originy="0" rotation="0" />
    <line layer="TOP_ASSEMBLY" originx="-39.370078740157" originy="24.606299212598" endx="39.370078740157" endy="24.606299212598" width="7.8740157480314" />
    <line layer="TOP_ASSEMBLY" originx="39.370078740157" originy="24.606299212598" endx="39.370078740157" endy="-24.606299212598" width="7.8740157480314" />
    <line layer="TOP_ASSEMBLY" originx="39.370078740157" originy="-24.606299212598" endx="-39.370078740157" endy="-24.606299212598" width="7.8740157480314" />
    <line layer="TOP_ASSEMBLY" originx="-39.370078740157" originy="-24.606299212598" endx="-39.370078740157" endy="24.606299212598" width="7.8740157480314" />
    <line layer="TOP_PLACE_BOUND" originx="-96.456692913385" originy="67.913385826771" endx="96.456692913385" endy="67.913385826771" width="3.9370078740157" />
    <line layer="TOP_PLACE_BOUND" originx="96.456692913385" originy="67.913385826771" endx="96.456692913385" endy="-67.913385826771" width="3.9370078740157" />
    <line layer="TOP_PLACE_BOUND" originx="96.456692913385" originy="-67.913385826771" endx="-96.456692913385" endy="-67.913385826771" width="3.9370078740157" />
    <line layer="TOP_PLACE_BOUND" originx="-96.456692913385" originy="-67.913385826771" endx="-96.456692913385" endy="67.913385826771" width="3.9370078740157" />
    <line layer="TOP_SILKSCREEN" originx="-78.740157480314" originy="3.9370078740157" endx="-78.740157480314" endy="3.9370078740157" width="7.8740157480314" />
    <arc layer="TOP_SILKSCREEN" originx="-78.740157480314" originy="0" startangle="90.0" sweepangle="180.0" radius="3.9370078740157" width="7.8740157480314" />
    <line layer="TOP_SILKSCREEN" originx="-78.740157480314" originy="-3.9370078740157" endx="-78.740157480314" endy="-3.9370078740157" width="7.8740157480314" />
    <arc layer="TOP_SILKSCREEN" originx="-78.740157480314" originy="0" startangle="-90.0" sweepangle="180.0" radius="3.9370078740157" width="7.8740157480314" />
  </footprint>
  <symbol name="RCS080547R0FKEA" originx="0" originy="0">
    <line originx="200" originy="50" endx="500" endy="50" width="0" />
    <line originx="500" originy="-50" endx="500" endy="50" width="0" />
    <line originx="500" originy="-50" endx="200" endy="-50" width="0" />
    <line originx="200" originy="50" endx="200" endy="-50" width="0" />
    <sympin number="1" originx="200" originy="0" rotation="180" length="100" width="7.8740157480315" flipped="False">
      <text name="pinname" originx="0" originy="-10" style="Default" rotation="0" justify="upperleft" flipped="False" hidden="True" data="1" />
      <text name="pindes" originx="0" originy="10" style="Default" rotation="0" justify="lowerleft" flipped="False" hidden="False" data="1" />
    </sympin>
    <sympin number="2" originx="500" originy="0" rotation="0" length="100" width="7.8740157480315" flipped="False">
      <text name="pinname" originx="700" originy="-10" style="Default" rotation="0" justify="upperright" flipped="False" hidden="True" data="2" />
      <text name="pindes" originx="700" originy="10" style="Default" rotation="0" justify="lowerright" flipped="False" hidden="False" data="2" />
    </sympin>
  </symbol>
  <component name="RCS080547R0FKEA" designatorprefix="R" height="0" footprint="RCS0805_E3">
    <comppin designator="1" sympin="1" pinswap="0" gateswap="0" gate="1" group="1" side="" type="Any" name="1" />
    <comppin designator="2" sympin="2" pinswap="0" gateswap="0" gate="1" group="1" side="" type="Any" name="2" />
    <attached_symbol gate="1" name="RCS080547R0FKEA" />
    <pinmap designator="1" footprintpin="1" />
    <pinmap designator="2" footprintpin="2" />
    <text name="Datasheet" originx="0" originy="0" style="Default" rotation="0" justify="" flipped="False" hidden="True" data="https://www.vishay.com/docs/20065/rcse3.pdf" />
    <text name="Description" originx="0" originy="0" style="Default" rotation="0" justify="" flipped="False" hidden="True" data="Thick Film Resistors - SMD 0.4watt 47ohms 1% 100ppm" />
    <text name="Mouser Part Number" originx="0" originy="0" style="Default" rotation="0" justify="" flipped="False" hidden="True" data="71-RCS080547R0FKEA" />
    <text name="Mouser Price/Stock" originx="0" originy="0" style="Default" rotation="0" justify="" flipped="False" hidden="True" data="https://www.mouser.co.uk/ProductDetail/Vishay-Dale/RCS080547R0FKEA/?qs=HalnxurKHBuygR%252BlcJOHew%3D%3D" />
    <text name="Manufacturer_Name" originx="0" originy="0" style="Default" rotation="0" justify="" flipped="False" hidden="True" data="Vishay" />
    <text name="Manufacturer_Part_Number" originx="550" originy="150" style="Default" rotation="0" justify="left" flipped="False" hidden="False" data="RCS080547R0FKEA" />
  </component>
</quadcept_library>
