<?xml version="1.0" encoding="utf-8"?>
<!--/4632362/1357958/2.50/2/4/Connector/-->
<quadcept_library>
  <setting unit="mil" />
  <textstyle name="Default" height="47.244094488189" strokewidth="7.8740157480315" charwidth="47.244094488189" />
  <textstyle name="Dimension" height="19.6850393700787" strokewidth="0" charwidth="19.6850393700787" />
  <textstyle name="H127W0635TH00762" height="50" strokewidth="3" charwidth="25" />
  <textstyle name="H15W15TH02" height="59.0551181102362" strokewidth="7.8740157480315" charwidth="59.0551181102362" />
  <padstyle name="c277.5_h185" surface="False" plated="True" isvia="False" nopaste="True" nomask="True" complex="False" holesize="72.83464566929">
    <padshape layer="TOP" shape="round" width="109.25196850394" height="109.25196850394" />
    <padshape layer="TOP_SOLDER_MASK" shape="round" width="117.12598425197" height="117.12598425197" />
    <padshape layer="INNER" shape="round" width="109.25196850394" height="109.25196850394" />
    <padshape layer="BOTTOM" shape="round" width="109.25196850394" height="109.25196850394" />
    <padshape layer="BOTTOM_SOLDER_MASK" shape="round" width="117.12598425197" height="117.12598425197" />
  </padstyle>
  <padstyle name="c157.5_h315" surface="False" plated="True" isvia="False" nopaste="True" nomask="True" complex="False" holesize="124.01574803149">
    <padshape layer="TOP" shape="round" width="62.007874015747" height="62.007874015747" />
    <padshape layer="TOP_SOLDER_MASK" shape="round" width="69.881889763779" height="69.881889763779" />
    <padshape layer="INNER" shape="round" width="62.007874015747" height="62.007874015747" />
    <padshape layer="BOTTOM" shape="round" width="62.007874015747" height="62.007874015747" />
    <padshape layer="BOTTOM_SOLDER_MASK" shape="round" width="69.881889763779" height="69.881889763779" />
  </padstyle>
  <footprint name="2002411212" originx="0" originy="0" pickpointx="0" pickpointy="0">
    <pcbpin number="1" name="1" style="c277.5_h185" originx="0" originy="0" rotation="90" />
    <pcbpin number="2" name="2" style="c277.5_h185" originx="-224.40944881889" originy="0" rotation="90" />
    <pcbpin number="3" name="MH1" style="c157.5_h315" originx="-112.20472440945" originy="-287.40157480315" rotation="90" />
    <line layer="TOP_ASSEMBLY" originx="-349.40944881889" originy="-43.307086614173" endx="125" endy="-43.307086614173" width="7.8740157480314" />
    <line layer="TOP_ASSEMBLY" originx="125" originy="-43.307086614173" endx="125" endy="-625.9842519685" width="7.8740157480314" />
    <line layer="TOP_ASSEMBLY" originx="125" originy="-625.9842519685" endx="-349.40944881889" endy="-625.9842519685" width="7.8740157480314" />
    <line layer="TOP_ASSEMBLY" originx="-349.40944881889" originy="-625.9842519685" endx="-349.40944881889" endy="-43.307086614173" width="7.8740157480314" />
    <line layer="TOP_ASSEMBLY" originx="-265.74803149606" originy="-625.9842519685" endx="41.338582677165" endy="-625.9842519685" width="7.8740157480314" />
    <line layer="TOP_ASSEMBLY" originx="41.338582677165" originy="-625.9842519685" endx="41.338582677165" endy="-712.59842519684" width="7.8740157480314" />
    <line layer="TOP_ASSEMBLY" originx="41.338582677165" originy="-712.59842519684" endx="-265.74803149606" endy="-712.59842519684" width="7.8740157480314" />
    <line layer="TOP_ASSEMBLY" originx="-265.74803149606" originy="-712.59842519684" endx="-265.74803149606" endy="-625.9842519685" width="7.8740157480314" />
    <line layer="TOP_PLACE_BOUND" originx="-369.09448818897" originy="74.291338582676" endx="144.68503937008" endy="74.291338582676" width="3.9370078740157" />
    <line layer="TOP_PLACE_BOUND" originx="144.68503937008" originy="74.291338582676" endx="144.68503937008" endy="-732.28346456692" width="3.9370078740157" />
    <line layer="TOP_PLACE_BOUND" originx="144.68503937008" originy="-732.28346456692" endx="-369.09448818897" endy="-732.28346456692" width="3.9370078740157" />
    <line layer="TOP_PLACE_BOUND" originx="-369.09448818897" originy="-732.28346456692" endx="-369.09448818897" endy="74.291338582676" width="3.9370078740157" />
    <line layer="TOP_SILKSCREEN" originx="76.771653543306" originy="3.9370078740157" endx="76.771653543306" endy="3.9370078740157" width="7.8740157480314" />
    <arc layer="TOP_SILKSCREEN" originx="76.771653543306" originy="0" startangle="90.0" sweepangle="180.0" radius="3.9370078740157" width="7.8740157480314" />
    <line layer="TOP_SILKSCREEN" originx="76.771653543306" originy="-3.9370078740157" endx="76.771653543306" endy="-3.9370078740157" width="7.8740157480314" />
    <arc layer="TOP_SILKSCREEN" originx="76.771653543306" originy="0" startangle="-90.0" sweepangle="180.0" radius="3.9370078740157" width="7.8740157480314" />
    <line layer="TOP_SILKSCREEN" originx="-151.5748031496" originy="-43.307086614173" endx="-72.83464566929" endy="-43.307086614173" width="3.9370078740157" />
    <line layer="TOP_SILKSCREEN" originx="-309.05511811023" originy="-43.307086614173" endx="-349.40944881889" endy="-43.307086614173" width="3.9370078740157" />
    <line layer="TOP_SILKSCREEN" originx="-349.40944881889" originy="-43.307086614173" endx="-349.40944881889" endy="-625.9842519685" width="3.9370078740157" />
    <line layer="TOP_SILKSCREEN" originx="-349.40944881889" originy="-625.9842519685" endx="125" endy="-625.9842519685" width="3.9370078740157" />
    <line layer="TOP_SILKSCREEN" originx="125" originy="-625.9842519685" endx="125" endy="-43.307086614173" width="3.9370078740157" />
    <line layer="TOP_SILKSCREEN" originx="125" originy="-43.307086614173" endx="84.645669291338" endy="-43.307086614173" width="3.9370078740157" />
  </footprint>
  <symbol name="200241-1212" originx="0" originy="0">
    <line originx="200" originy="100" endx="600" endy="100" width="0" />
    <line originx="600" originy="-200" endx="600" endy="100" width="0" />
    <line originx="600" originy="-200" endx="200" endy="-200" width="0" />
    <line originx="200" originy="100" endx="200" endy="-200" width="0" />
    <sympin number="1" originx="200" originy="-100" rotation="180" length="100" width="7.8740157480315" flipped="False">
      <text name="pinname" originx="230" originy="-100" style="Default" rotation="0" justify="left" flipped="False" hidden="False" data="1" />
      <text name="pindes" originx="140" originy="-80" style="Default" rotation="0" justify="lowerright" flipped="False" hidden="False" data="1" />
    </sympin>
    <sympin number="2" originx="200" originy="0" rotation="180" length="100" width="7.8740157480315" flipped="False">
      <text name="pinname" originx="230" originy="0" style="Default" rotation="0" justify="left" flipped="False" hidden="False" data="2" />
      <text name="pindes" originx="140" originy="20" style="Default" rotation="0" justify="lowerright" flipped="False" hidden="False" data="2" />
    </sympin>
  </symbol>
  <component name="200241-1212" designatorprefix="J" height="437.00787401574" footprint="2002411212">
    <comppin designator="1" sympin="1" pinswap="0" gateswap="0" gate="1" group="1" side="" type="Any" name="1" />
    <comppin designator="2" sympin="2" pinswap="0" gateswap="0" gate="1" group="1" side="" type="Any" name="2" />
    <attached_symbol gate="1" name="200241-1212" />
    <pinmap designator="1" footprintpin="1" />
    <pinmap designator="2" footprintpin="2" />
    <text name="Datasheet" originx="0" originy="0" style="Default" rotation="0" justify="" flipped="False" hidden="True" data="https://componentsearchengine.com/Datasheets/1/200241-1212.pdf" />
    <text name="Description" originx="0" originy="0" style="Default" rotation="0" justify="" flipped="False" hidden="True" data="Headers &amp; Wire Housings" />
    <text name="Mouser Part Number" originx="0" originy="0" style="Default" rotation="0" justify="" flipped="False" hidden="True" data="538-200241-1212" />
    <text name="Mouser Price/Stock" originx="0" originy="0" style="Default" rotation="0" justify="" flipped="False" hidden="True" data="https://www.mouser.co.uk/ProductDetail/Molex/200241-1212?qs=PzGy0jfpSMv8HbuexK33gg%3D%3D" />
    <text name="Manufacturer_Name" originx="0" originy="0" style="Default" rotation="0" justify="" flipped="False" hidden="True" data="Molex" />
    <text name="Manufacturer_Part_Number" originx="650" originy="200" style="Default" rotation="0" justify="left" flipped="False" hidden="False" data="200241-1212" />
  </component>
</quadcept_library>
