<?xml version="1.0" encoding="utf-8"?>
<!--/1617198/663195/2.50/12/3/Transformer/-->
<quadcept_library>
  <setting unit="mil" />
  <textstyle name="Default" height="47.244094488189" strokewidth="7.8740157480315" charwidth="47.244094488189" />
  <textstyle name="Dimension" height="19.6850393700787" strokewidth="0" charwidth="19.6850393700787" />
  <textstyle name="H127W0635TH00762" height="50" strokewidth="3" charwidth="25" />
  <textstyle name="H15W15TH02" height="59.0551181102362" strokewidth="7.8740157480315" charwidth="59.0551181102362" />
  <padstyle name="r201_80" surface="True" plated="False" isvia="False" nopaste="False" nomask="True" complex="False" holesize="0">
    <padshape layer="TOP" shape="rectangle" width="31.496062992126" height="79.133858267716" />
    <padshape layer="TOP_SOLDER_MASK" shape="rectangle" width="39.370078740157" height="87.007874015747" />
    <padshape layer="TOP_SOLDER_PASTE" shape="rectangle" width="31.496062992126" height="79.133858267716" />
  </padstyle>
  <footprint name="SOP200P1473X500-12N" originx="0" originy="0" pickpointx="0" pickpointy="0">
    <pcbpin number="1" name="1" style="r201_80" originx="-269.48818897637" originy="196.85039370078" rotation="90" />
    <pcbpin number="2" name="2" style="r201_80" originx="-269.48818897637" originy="118.11023622047" rotation="90" />
    <pcbpin number="3" name="3" style="r201_80" originx="-269.48818897637" originy="39.370078740157" rotation="90" />
    <pcbpin number="4" name="4" style="r201_80" originx="-269.48818897637" originy="-39.370078740157" rotation="90" />
    <pcbpin number="5" name="5" style="r201_80" originx="-269.48818897637" originy="-118.11023622047" rotation="90" />
    <pcbpin number="6" name="6" style="r201_80" originx="-269.48818897637" originy="-196.85039370078" rotation="90" />
    <pcbpin number="7" name="7" style="r201_80" originx="269.48818897637" originy="-196.85039370078" rotation="90" />
    <pcbpin number="8" name="8" style="r201_80" originx="269.48818897637" originy="-118.11023622047" rotation="90" />
    <pcbpin number="9" name="9" style="r201_80" originx="269.48818897637" originy="-39.370078740157" rotation="90" />
    <pcbpin number="10" name="10" style="r201_80" originx="269.48818897637" originy="39.370078740157" rotation="90" />
    <pcbpin number="11" name="11" style="r201_80" originx="269.48818897637" originy="118.11023622047" rotation="90" />
    <pcbpin number="12" name="12" style="r201_80" originx="269.48818897637" originy="196.85039370078" rotation="90" />
    <line layer="TOP_PLACE_BOUND" originx="-318.89763779527" originy="306.29921259842" endx="318.89763779527" endy="306.29921259842" width="1.9685039370079" />
    <line layer="TOP_PLACE_BOUND" originx="318.89763779527" originy="306.29921259842" endx="318.89763779527" endy="-306.29921259842" width="1.9685039370079" />
    <line layer="TOP_PLACE_BOUND" originx="318.89763779527" originy="-306.29921259842" endx="-318.89763779527" endy="-306.29921259842" width="1.9685039370079" />
    <line layer="TOP_PLACE_BOUND" originx="-318.89763779527" originy="-306.29921259842" endx="-318.89763779527" endy="306.29921259842" width="1.9685039370079" />
    <line layer="TOP_ASSEMBLY" originx="-229.92125984252" originy="291.53543307086" endx="229.92125984252" endy="291.53543307086" width="3.9370078740157" />
    <line layer="TOP_ASSEMBLY" originx="229.92125984252" originy="291.53543307086" endx="229.92125984252" endy="-291.53543307086" width="3.9370078740157" />
    <line layer="TOP_ASSEMBLY" originx="229.92125984252" originy="-291.53543307086" endx="-229.92125984252" endy="-291.53543307086" width="3.9370078740157" />
    <line layer="TOP_ASSEMBLY" originx="-229.92125984252" originy="-291.53543307086" endx="-229.92125984252" endy="291.53543307086" width="3.9370078740157" />
    <line layer="TOP_ASSEMBLY" originx="-229.92125984252" originy="212.79527559055" endx="-151.1811023622" endy="291.53543307086" width="3.9370078740157" />
    <line layer="TOP_SILKSCREEN" originx="-216.14173228346" originy="291.53543307086" endx="216.14173228346" endy="291.53543307086" width="7.8740157480314" />
    <line layer="TOP_SILKSCREEN" originx="216.14173228346" originy="291.53543307086" endx="216.14173228346" endy="-291.53543307086" width="7.8740157480314" />
    <line layer="TOP_SILKSCREEN" originx="216.14173228346" originy="-291.53543307086" endx="-216.14173228346" endy="-291.53543307086" width="7.8740157480314" />
    <line layer="TOP_SILKSCREEN" originx="-216.14173228346" originy="-291.53543307086" endx="-216.14173228346" endy="291.53543307086" width="7.8740157480314" />
    <line layer="TOP_SILKSCREEN" originx="-309.05511811023" originy="226.3779527559" endx="-229.92125984252" endy="226.3779527559" width="7.8740157480314" />
  </footprint>
  <symbol name="SM91501ALE" originx="0" originy="0">
    <line originx="200" originy="100" endx="1100" endy="100" width="0" />
    <line originx="1100" originy="-600" endx="1100" endy="100" width="0" />
    <line originx="1100" originy="-600" endx="200" endy="-600" width="0" />
    <line originx="200" originy="100" endx="200" endy="-600" width="0" />
    <sympin number="1" originx="200" originy="0" rotation="180" length="100" width="7.8740157480315" flipped="False">
      <text name="pinname" originx="230" originy="0" style="Default" rotation="0" justify="left" flipped="False" hidden="False" data="PRI1_1" />
      <text name="pindes" originx="140" originy="20" style="Default" rotation="0" justify="lowerright" flipped="False" hidden="False" data="1" />
    </sympin>
    <sympin number="2" originx="200" originy="-100" rotation="180" length="100" width="7.8740157480315" flipped="False">
      <text name="pinname" originx="230" originy="-100" style="Default" rotation="0" justify="left" flipped="False" hidden="False" data="PRI1_2" />
      <text name="pindes" originx="140" originy="-80" style="Default" rotation="0" justify="lowerright" flipped="False" hidden="False" data="2" />
    </sympin>
    <sympin number="3" originx="200" originy="-200" rotation="180" length="100" width="7.8740157480315" flipped="False">
      <text name="pinname" originx="230" originy="-200" style="Default" rotation="0" justify="left" flipped="False" hidden="False" data="PRI1_3" />
      <text name="pindes" originx="140" originy="-180" style="Default" rotation="0" justify="lowerright" flipped="False" hidden="False" data="3" />
    </sympin>
    <sympin number="4" originx="200" originy="-300" rotation="180" length="100" width="7.8740157480315" flipped="False">
      <text name="pinname" originx="230" originy="-300" style="Default" rotation="0" justify="left" flipped="False" hidden="False" data="PRI2_1" />
      <text name="pindes" originx="140" originy="-280" style="Default" rotation="0" justify="lowerright" flipped="False" hidden="False" data="4" />
    </sympin>
    <sympin number="5" originx="200" originy="-400" rotation="180" length="100" width="7.8740157480315" flipped="False">
      <text name="pinname" originx="230" originy="-400" style="Default" rotation="0" justify="left" flipped="False" hidden="False" data="PRI2_2" />
      <text name="pindes" originx="140" originy="-380" style="Default" rotation="0" justify="lowerright" flipped="False" hidden="False" data="5" />
    </sympin>
    <sympin number="6" originx="200" originy="-500" rotation="180" length="100" width="7.8740157480315" flipped="False">
      <text name="pinname" originx="230" originy="-500" style="Default" rotation="0" justify="left" flipped="False" hidden="False" data="PRI2_3" />
      <text name="pindes" originx="140" originy="-480" style="Default" rotation="0" justify="lowerright" flipped="False" hidden="False" data="6" />
    </sympin>
    <sympin number="12" originx="1100" originy="0" rotation="0" length="100" width="7.8740157480315" flipped="False">
      <text name="pinname" originx="1070" originy="0" style="Default" rotation="0" justify="right" flipped="False" hidden="False" data="SEC1_3" />
      <text name="pindes" originx="1160" originy="20" style="Default" rotation="0" justify="lowerleft" flipped="False" hidden="False" data="12" />
    </sympin>
    <sympin number="11" originx="1100" originy="-100" rotation="0" length="100" width="7.8740157480315" flipped="False">
      <text name="pinname" originx="1070" originy="-100" style="Default" rotation="0" justify="right" flipped="False" hidden="False" data="SEC1_2" />
      <text name="pindes" originx="1160" originy="-80" style="Default" rotation="0" justify="lowerleft" flipped="False" hidden="False" data="11" />
    </sympin>
    <sympin number="10" originx="1100" originy="-200" rotation="0" length="100" width="7.8740157480315" flipped="False">
      <text name="pinname" originx="1070" originy="-200" style="Default" rotation="0" justify="right" flipped="False" hidden="False" data="SEC1_1" />
      <text name="pindes" originx="1160" originy="-180" style="Default" rotation="0" justify="lowerleft" flipped="False" hidden="False" data="10" />
    </sympin>
    <sympin number="9" originx="1100" originy="-300" rotation="0" length="100" width="7.8740157480315" flipped="False">
      <text name="pinname" originx="1070" originy="-300" style="Default" rotation="0" justify="right" flipped="False" hidden="False" data="SEC2_3" />
      <text name="pindes" originx="1160" originy="-280" style="Default" rotation="0" justify="lowerleft" flipped="False" hidden="False" data="9" />
    </sympin>
    <sympin number="8" originx="1100" originy="-400" rotation="0" length="100" width="7.8740157480315" flipped="False">
      <text name="pinname" originx="1070" originy="-400" style="Default" rotation="0" justify="right" flipped="False" hidden="False" data="SEC2_2" />
      <text name="pindes" originx="1160" originy="-380" style="Default" rotation="0" justify="lowerleft" flipped="False" hidden="False" data="8" />
    </sympin>
    <sympin number="7" originx="1100" originy="-500" rotation="0" length="100" width="7.8740157480315" flipped="False">
      <text name="pinname" originx="1070" originy="-500" style="Default" rotation="0" justify="right" flipped="False" hidden="False" data="SEC2_1" />
      <text name="pindes" originx="1160" originy="-480" style="Default" rotation="0" justify="lowerleft" flipped="False" hidden="False" data="7" />
    </sympin>
  </symbol>
  <component name="SM91501ALE" designatorprefix="T" height="196.85039370078" footprint="SOP200P1473X500-12N">
    <comppin designator="1" sympin="1" pinswap="0" gateswap="0" gate="1" group="1" side="" type="Any" name="PRI1_1" />
    <comppin designator="2" sympin="2" pinswap="0" gateswap="0" gate="1" group="1" side="" type="Any" name="PRI1_2" />
    <comppin designator="3" sympin="3" pinswap="0" gateswap="0" gate="1" group="1" side="" type="Any" name="PRI1_3" />
    <comppin designator="4" sympin="4" pinswap="0" gateswap="0" gate="1" group="1" side="" type="Any" name="PRI2_1" />
    <comppin designator="5" sympin="5" pinswap="0" gateswap="0" gate="1" group="1" side="" type="Any" name="PRI2_2" />
    <comppin designator="6" sympin="6" pinswap="0" gateswap="0" gate="1" group="1" side="" type="Any" name="PRI2_3" />
    <comppin designator="7" sympin="7" pinswap="0" gateswap="0" gate="1" group="1" side="" type="Any" name="SEC2_1" />
    <comppin designator="8" sympin="8" pinswap="0" gateswap="0" gate="1" group="1" side="" type="Any" name="SEC2_2" />
    <comppin designator="9" sympin="9" pinswap="0" gateswap="0" gate="1" group="1" side="" type="Any" name="SEC2_3" />
    <comppin designator="10" sympin="10" pinswap="0" gateswap="0" gate="1" group="1" side="" type="Any" name="SEC1_1" />
    <comppin designator="11" sympin="11" pinswap="0" gateswap="0" gate="1" group="1" side="" type="Any" name="SEC1_2" />
    <comppin designator="12" sympin="12" pinswap="0" gateswap="0" gate="1" group="1" side="" type="Any" name="SEC1_3" />
    <attached_symbol gate="1" name="SM91501ALE" />
    <pinmap designator="1" footprintpin="1" />
    <pinmap designator="2" footprintpin="2" />
    <pinmap designator="3" footprintpin="3" />
    <pinmap designator="4" footprintpin="4" />
    <pinmap designator="5" footprintpin="5" />
    <pinmap designator="6" footprintpin="6" />
    <pinmap designator="7" footprintpin="7" />
    <pinmap designator="8" footprintpin="8" />
    <pinmap designator="9" footprintpin="9" />
    <pinmap designator="10" footprintpin="10" />
    <pinmap designator="11" footprintpin="11" />
    <pinmap designator="12" footprintpin="12" />
    <text name="Datasheet" originx="0" originy="0" style="Default" rotation="0" justify="" flipped="False" hidden="True" data="https://componentsearchengine.com/Datasheets/1/SM91501ALE.pdf" />
    <text name="Description" originx="0" originy="0" style="Default" rotation="0" justify="" flipped="False" hidden="True" data="Audio Transformers / Signal Transformers BMS xformer 2-Ch 1600V AECQ +125 C" />
    <text name="Mouser Part Number" originx="0" originy="0" style="Default" rotation="0" justify="" flipped="False" hidden="True" data="652-SM91501ALE" />
    <text name="Mouser Price/Stock" originx="0" originy="0" style="Default" rotation="0" justify="" flipped="False" hidden="True" data="https://www.mouser.co.uk/ProductDetail/Bourns/SM91501ALE?qs=qSfuJ%252Bfl%2Fd67nNHsx2b1iA%3D%3D" />
    <text name="Manufacturer_Name" originx="0" originy="0" style="Default" rotation="0" justify="" flipped="False" hidden="True" data="Bourns" />
    <text name="Manufacturer_Part_Number" originx="1150" originy="200" style="Default" rotation="0" justify="left" flipped="False" hidden="False" data="SM91501ALE" />
  </component>
</quadcept_library>
