<?xml version="1.0" encoding="utf-8"?>
<!--/11249386/1357958/2.50/6/4/Power Supply/-->
<quadcept_library>
  <setting unit="mil" />
  <textstyle name="Default" height="47.244094488189" strokewidth="7.8740157480315" charwidth="47.244094488189" />
  <textstyle name="Dimension" height="19.6850393700787" strokewidth="0" charwidth="19.6850393700787" />
  <textstyle name="H127W0635TH00762" height="50" strokewidth="3" charwidth="25" />
  <textstyle name="H15W15TH02" height="59.0551181102362" strokewidth="7.8740157480315" charwidth="59.0551181102362" />
  <padstyle name="c180_h120" surface="False" plated="True" isvia="False" nopaste="True" nomask="True" complex="False" holesize="47.244094488188">
    <padshape layer="TOP" shape="round" width="70.866141732283" height="70.866141732283" />
    <padshape layer="TOP_SOLDER_MASK" shape="round" width="78.740157480314" height="78.740157480314" />
    <padshape layer="INNER" shape="round" width="70.866141732283" height="70.866141732283" />
    <padshape layer="BOTTOM" shape="round" width="70.866141732283" height="70.866141732283" />
    <padshape layer="BOTTOM_SOLDER_MASK" shape="round" width="78.740157480314" height="78.740157480314" />
  </padstyle>
  <padstyle name="s180_h120" surface="False" plated="True" isvia="False" nopaste="True" nomask="True" complex="False" holesize="47.244094488188">
    <padshape layer="TOP" shape="square" width="70.866141732283" height="70.866141732283" />
    <padshape layer="TOP_SOLDER_MASK" shape="square" width="78.740157480314" height="78.740157480314" />
    <padshape layer="INNER" shape="square" width="70.866141732283" height="70.866141732283" />
    <padshape layer="BOTTOM" shape="square" width="70.866141732283" height="70.866141732283" />
    <padshape layer="BOTTOM_SOLDER_MASK" shape="square" width="78.740157480314" height="78.740157480314" />
  </padstyle>
  <footprint name="EC7BW1872S12" originx="0" originy="0" pickpointx="0" pickpointy="0">
    <pcbpin number="1" name="1" style="s180_h120" originx="0" originy="0" rotation="90" />
    <pcbpin number="2" name="2" style="c180_h120" originx="200" originy="0" rotation="90" />
    <pcbpin number="3" name="3" style="c180_h120" originx="-99.999999999999" originy="-1800" rotation="90" />
    <pcbpin number="4" name="4" style="c180_h120" originx="699.99999999999" originy="-1800" rotation="90" />
    <pcbpin number="5" name="5" style="c180_h120" originx="300" originy="-1800" rotation="90" />
    <pcbpin number="6" name="6" style="c180_h120" originx="599.99999999999" originy="0" rotation="90" />
    <line layer="TOP_ASSEMBLY" originx="-199.21259842519" originy="-1898.4251968504" endx="800.78740157479" endy="-1898.4251968504" width="3.9370078740157" />
    <line layer="TOP_ASSEMBLY" originx="800.78740157479" originy="-1898.4251968504" endx="800.78740157479" endy="101.57480314961" width="3.9370078740157" />
    <line layer="TOP_ASSEMBLY" originx="800.78740157479" originy="101.57480314961" endx="-199.21259842519" endy="101.57480314961" width="3.9370078740157" />
    <line layer="TOP_ASSEMBLY" originx="-199.21259842519" originy="101.57480314961" endx="-199.21259842519" endy="-1898.4251968504" width="3.9370078740157" />
    <line layer="TOP_SILKSCREEN" originx="-199.21259842519" originy="-1898.4251968504" endx="799.99999999999" endy="-1898.4251968504" width="7.8740157480314" />
    <line layer="TOP_SILKSCREEN" originx="799.99999999999" originy="-1898.4251968504" endx="799.99999999999" endy="101.57480314961" width="7.8740157480314" />
    <line layer="TOP_SILKSCREEN" originx="799.99999999999" originy="101.57480314961" endx="-199.21259842519" endy="101.57480314961" width="7.8740157480314" />
    <line layer="TOP_SILKSCREEN" originx="-199.21259842519" originy="101.57480314961" endx="-199.21259842519" endy="-1898.4251968504" width="7.8740157480314" />
    <line layer="TOP_PLACE_BOUND" originx="-238.58267716535" originy="-1937.7952755905" endx="840.15748031495" endy="-1937.7952755905" width="3.9370078740157" />
    <line layer="TOP_PLACE_BOUND" originx="840.15748031495" originy="-1937.7952755905" endx="840.15748031495" endy="140.94488188976" width="3.9370078740157" />
    <line layer="TOP_PLACE_BOUND" originx="840.15748031495" originy="140.94488188976" endx="-238.58267716535" endy="140.94488188976" width="3.9370078740157" />
    <line layer="TOP_PLACE_BOUND" originx="-238.58267716535" originy="140.94488188976" endx="-238.58267716535" endy="-1937.7952755905" width="3.9370078740157" />
    <line layer="TOP_SILKSCREEN" originx="-220.47244094488" originy="0" endx="-220.47244094488" endy="0" width="3.9370078740157" />
    <arc layer="TOP_SILKSCREEN" originx="-226.3779527559" originy="0" startangle="-.0" sweepangle="180.0" radius="-1.9685039370079" width="3.9370078740157" />
    <line layer="TOP_SILKSCREEN" originx="-224.40944881889" originy="0" endx="-224.40944881889" endy="0" width="3.9370078740157" />
    <arc layer="TOP_SILKSCREEN" originx="-226.3779527559" originy="0" startangle="180.0" sweepangle="180.0" radius="-1.9685039370079" width="3.9370078740157" />
  </footprint>
  <symbol name="EC7BW18-72S12" originx="0" originy="0">
    <line originx="200" originy="100" endx="1600" endy="100" width="0" />
    <line originx="1600" originy="-300" endx="1600" endy="100" width="0" />
    <line originx="1600" originy="-300" endx="200" endy="-300" width="0" />
    <line originx="200" originy="100" endx="200" endy="-300" width="0" />
    <sympin number="1" originx="1600" originy="0" rotation="0" length="100" width="7.8740157480315" flipped="False">
      <text name="pinname" originx="1570" originy="0" style="Default" rotation="0" justify="right" flipped="False" hidden="False" data="+V_INPUT" />
      <text name="pindes" originx="1660" originy="20" style="Default" rotation="0" justify="lowerleft" flipped="False" hidden="False" data="1" />
    </sympin>
    <sympin number="2" originx="1600" originy="-100" rotation="0" length="100" width="7.8740157480315" flipped="False">
      <text name="pinname" originx="1570" originy="-100" style="Default" rotation="0" justify="right" flipped="False" hidden="False" data="-V_INPUT" />
      <text name="pindes" originx="1660" originy="-80" style="Default" rotation="0" justify="lowerleft" flipped="False" hidden="False" data="2" />
    </sympin>
    <sympin number="3" originx="200" originy="0" rotation="180" length="100" width="7.8740157480315" flipped="False">
      <text name="pinname" originx="230" originy="0" style="Default" rotation="0" justify="left" flipped="False" hidden="False" data="+V_OUTPUT" />
      <text name="pindes" originx="140" originy="20" style="Default" rotation="0" justify="lowerright" flipped="False" hidden="False" data="3" />
    </sympin>
    <sympin number="4" originx="200" originy="-200" rotation="180" length="100" width="7.8740157480315" flipped="False">
      <text name="pinname" originx="230" originy="-200" style="Default" rotation="0" justify="left" flipped="False" hidden="False" data="TRIM" />
      <text name="pindes" originx="140" originy="-180" style="Default" rotation="0" justify="lowerright" flipped="False" hidden="False" data="4" />
    </sympin>
    <sympin number="5" originx="200" originy="-100" rotation="180" length="100" width="7.8740157480315" flipped="False">
      <text name="pinname" originx="230" originy="-100" style="Default" rotation="0" justify="left" flipped="False" hidden="False" data="-V_OUTPUT" />
      <text name="pindes" originx="140" originy="-80" style="Default" rotation="0" justify="lowerright" flipped="False" hidden="False" data="5" />
    </sympin>
    <sympin number="6" originx="1600" originy="-200" rotation="0" length="100" width="7.8740157480315" flipped="False">
      <text name="pinname" originx="1570" originy="-200" style="Default" rotation="0" justify="right" flipped="False" hidden="False" data="REMOTE_ON/OFF" />
      <text name="pindes" originx="1660" originy="-180" style="Default" rotation="0" justify="lowerleft" flipped="False" hidden="False" data="6" />
    </sympin>
  </symbol>
  <component name="EC7BW18-72S12" designatorprefix="PS" height="421.25984251968" footprint="EC7BW1872S12">
    <comppin designator="1" sympin="1" pinswap="0" gateswap="0" gate="1" group="1" side="" type="Any" name="+V_INPUT" />
    <comppin designator="2" sympin="2" pinswap="0" gateswap="0" gate="1" group="1" side="" type="Any" name="-V_INPUT" />
    <comppin designator="3" sympin="3" pinswap="0" gateswap="0" gate="1" group="1" side="" type="Any" name="+V_OUTPUT" />
    <comppin designator="4" sympin="4" pinswap="0" gateswap="0" gate="1" group="1" side="" type="Any" name="TRIM" />
    <comppin designator="5" sympin="5" pinswap="0" gateswap="0" gate="1" group="1" side="" type="Any" name="-V_OUTPUT" />
    <comppin designator="6" sympin="6" pinswap="0" gateswap="0" gate="1" group="1" side="" type="Any" name="REMOTE_ON/OFF" />
    <attached_symbol gate="1" name="EC7BW18-72S12" />
    <pinmap designator="1" footprintpin="1" />
    <pinmap designator="2" footprintpin="2" />
    <pinmap designator="3" footprintpin="3" />
    <pinmap designator="4" footprintpin="4" />
    <pinmap designator="5" footprintpin="5" />
    <pinmap designator="6" footprintpin="6" />
    <text name="Datasheet" originx="0" originy="0" style="Default" rotation="0" justify="" flipped="False" hidden="True" data="https://www.cincon.com/productdownload/Datasheet-EC7BW18-72-series.pdf" />
    <text name="Description" originx="0" originy="0" style="Default" rotation="0" justify="" flipped="False" hidden="True" data="Isolated DC/DC Converters 20W 8.5-160Vin 12Vout 1.33A" />
    <text name="Mouser Part Number" originx="0" originy="0" style="Default" rotation="0" justify="" flipped="False" hidden="True" data="418-EC7BW18-72S12" />
    <text name="Mouser Price/Stock" originx="0" originy="0" style="Default" rotation="0" justify="" flipped="False" hidden="True" data="https://www.mouser.co.uk/ProductDetail/Cincon/EC7BW18-72S12/?qs=wnTfsH77Xs4yy5rON%252BBkaQ%3D%3D" />
    <text name="Manufacturer_Name" originx="0" originy="0" style="Default" rotation="0" justify="" flipped="False" hidden="True" data="Cincon" />
    <text name="Manufacturer_Part_Number" originx="1650" originy="200" style="Default" rotation="0" justify="left" flipped="False" hidden="False" data="EC7BW18-72S12" />
  </component>
</quadcept_library>
