<?xml version="1.0" encoding="utf-8"?>
<!--/811959/1357958/2.50/2/2/Connector/-->
<quadcept_library>
  <setting unit="mil" />
  <textstyle name="Default" height="47.244094488189" strokewidth="7.8740157480315" charwidth="47.244094488189" />
  <textstyle name="Dimension" height="19.6850393700787" strokewidth="0" charwidth="19.6850393700787" />
  <textstyle name="H127W0635TH00762" height="50" strokewidth="3" charwidth="25" />
  <textstyle name="H15W15TH02" height="59.0551181102362" strokewidth="7.8740157480315" charwidth="59.0551181102362" />
  <padstyle name="c232.5_h155" surface="False" plated="True" isvia="False" nopaste="True" nomask="True" complex="False" holesize="61.023622047243">
    <padshape layer="TOP" shape="round" width="91.535433070865" height="91.535433070865" />
    <padshape layer="TOP_SOLDER_MASK" shape="round" width="99.409448818896" height="99.409448818896" />
    <padshape layer="INNER" shape="round" width="91.535433070865" height="91.535433070865" />
    <padshape layer="BOTTOM" shape="round" width="91.535433070865" height="91.535433070865" />
    <padshape layer="BOTTOM_SOLDER_MASK" shape="round" width="99.409448818896" height="99.409448818896" />
  </padstyle>
  <padstyle name="s232.5_h155" surface="False" plated="True" isvia="False" nopaste="True" nomask="True" complex="False" holesize="61.023622047243">
    <padshape layer="TOP" shape="square" width="91.535433070865" height="91.535433070865" />
    <padshape layer="TOP_SOLDER_MASK" shape="square" width="99.409448818896" height="99.409448818896" />
    <padshape layer="INNER" shape="round" width="91.535433070865" height="91.535433070865" />
    <padshape layer="BOTTOM" shape="square" width="91.535433070865" height="91.535433070865" />
    <padshape layer="BOTTOM_SOLDER_MASK" shape="square" width="99.409448818896" height="99.409448818896" />
  </padstyle>
  <footprint name="RHDR2W97P0X254_1X2_654X508X1379P" originx="0" originy="0" pickpointx="0" pickpointy="0">
    <pcbpin number="1" name="1" style="s232.5_h155" originx="0" originy="0" rotation="90" />
    <pcbpin number="2" name="2" style="c232.5_h155" originx="99.999999999999" originy="0" rotation="90" />
    <line layer="TOP_PLACE_BOUND" originx="-107.28346456693" originy="-111.41732283464" endx="-107.28346456693" endy="111.41732283464" width="1.9685039370079" />
    <line layer="TOP_PLACE_BOUND" originx="-107.28346456693" originy="111.41732283464" endx="207.28346456693" endy="111.41732283464" width="1.9685039370079" />
    <line layer="TOP_PLACE_BOUND" originx="207.28346456693" originy="111.41732283464" endx="207.28346456693" endy="-111.41732283464" width="1.9685039370079" />
    <line layer="TOP_PLACE_BOUND" originx="207.28346456693" originy="-111.41732283464" endx="-107.28346456693" endy="-111.41732283464" width="1.9685039370079" />
    <line layer="TOP_ASSEMBLY" originx="-97.440944881889" originy="-101.57480314961" endx="-97.440944881889" endy="101.57480314961" width="3.9370078740157" />
    <line layer="TOP_ASSEMBLY" originx="-97.440944881889" originy="101.57480314961" endx="197.44094488189" endy="101.57480314961" width="3.9370078740157" />
    <line layer="TOP_ASSEMBLY" originx="197.44094488189" originy="101.57480314961" endx="197.44094488189" endy="-101.57480314961" width="3.9370078740157" />
    <line layer="TOP_ASSEMBLY" originx="197.44094488189" originy="-101.57480314961" endx="-97.440944881889" endy="-101.57480314961" width="3.9370078740157" />
    <line layer="TOP_SILKSCREEN" originx="0" originy="-101.57480314961" endx="197.44094488189" endy="-101.57480314961" width="7.8740157480314" />
    <line layer="TOP_SILKSCREEN" originx="197.44094488189" originy="-101.57480314961" endx="197.44094488189" endy="101.57480314961" width="7.8740157480314" />
    <line layer="TOP_SILKSCREEN" originx="197.44094488189" originy="101.57480314961" endx="-97.440944881889" endy="101.57480314961" width="7.8740157480314" />
    <line layer="TOP_SILKSCREEN" originx="-97.440944881889" originy="101.57480314961" endx="-97.440944881889" endy="0" width="7.8740157480314" />
  </footprint>
  <symbol name="5-103735-1" originx="0" originy="0">
    <line originx="200" originy="100" endx="600" endy="100" width="0" />
    <line originx="600" originy="-200" endx="600" endy="100" width="0" />
    <line originx="600" originy="-200" endx="200" endy="-200" width="0" />
    <line originx="200" originy="100" endx="200" endy="-200" width="0" />
    <sympin number="1" originx="200" originy="0" rotation="180" length="100" width="7.8740157480315" flipped="False">
      <text name="pinname" originx="230" originy="0" style="Default" rotation="0" justify="left" flipped="False" hidden="False" data="1" />
      <text name="pindes" originx="140" originy="20" style="Default" rotation="0" justify="lowerright" flipped="False" hidden="False" data="1" />
    </sympin>
    <sympin number="2" originx="200" originy="-100" rotation="180" length="100" width="7.8740157480315" flipped="False">
      <text name="pinname" originx="230" originy="-100" style="Default" rotation="0" justify="left" flipped="False" hidden="False" data="2" />
      <text name="pindes" originx="140" originy="-80" style="Default" rotation="0" justify="lowerright" flipped="False" hidden="False" data="2" />
    </sympin>
  </symbol>
  <component name="5-103735-1" designatorprefix="J" height="542.91338582676" footprint="RHDR2W97P0X254_1X2_654X508X1379P">
    <comppin designator="1" sympin="1" pinswap="0" gateswap="0" gate="1" group="1" side="" type="Any" name="1" />
    <comppin designator="2" sympin="2" pinswap="0" gateswap="0" gate="1" group="1" side="" type="Any" name="2" />
    <attached_symbol gate="1" name="5-103735-1" />
    <pinmap designator="1" footprintpin="1" />
    <pinmap designator="2" footprintpin="2" />
    <text name="Datasheet" originx="0" originy="0" style="Default" rotation="0" justify="" flipped="False" hidden="True" data="https://www.te.com/commerce/DocumentDelivery/DDEController?Action=srchrtrv&amp;DocNm=4-1773458-0_AMPMODU_MTE_INTERCONNECT_SYS&amp;DocType=Data Sheet&amp;DocLang=English&amp;PartCntxt=5-103735-1&amp;DocFormat=pdf" />
    <text name="Description" originx="0" originy="0" style="Default" rotation="0" justify="" flipped="False" hidden="True" data="Body Features: Primary Product Color Black | Configuration Features: PCB Mount Orientation Vertical | Number of Positions 2 | Number of Rows 1 | Contact Features: Contact Shape &amp; Form Square | Contact Mating Area Length .23 INCH | Contact Mating Area Plating Material Thickness 30 MICIN | PCB Contact Termination Area Plating Material Thickness 100 MICIN | Contact Mating Area Plating Material Gold | PCB Contact Termination Area Plating Material Finish Matte | Contact Current Rating (Max) 3 AMP | PCB Contact T" />
    <text name="Mouser Part Number" originx="0" originy="0" style="Default" rotation="0" justify="" flipped="False" hidden="True" data="571-5-103735-1" />
    <text name="Mouser Price/Stock" originx="0" originy="0" style="Default" rotation="0" justify="" flipped="False" hidden="True" data="https://www.mouser.co.uk/ProductDetail/TE-Connectivity/5-103735-1?qs=zx8qD9ablb3GG8HzsIgVMA%3D%3D" />
    <text name="Manufacturer_Name" originx="0" originy="0" style="Default" rotation="0" justify="" flipped="False" hidden="True" data="TE Connectivity" />
    <text name="Manufacturer_Part_Number" originx="650" originy="200" style="Default" rotation="0" justify="left" flipped="False" hidden="False" data="5-103735-1" />
  </component>
</quadcept_library>
