<?xml version="1.0" encoding="utf-8"?>
<!--/1738019/1357958/2.50/2/3/Fuse/-->
<quadcept_library>
  <setting unit="mil" />
  <textstyle name="Default" height="47.244094488189" strokewidth="7.8740157480315" charwidth="47.244094488189" />
  <textstyle name="Dimension" height="19.6850393700787" strokewidth="0" charwidth="19.6850393700787" />
  <textstyle name="H127W0635TH00762" height="50" strokewidth="3" charwidth="25" />
  <textstyle name="H15W15TH02" height="59.0551181102362" strokewidth="7.8740157480315" charwidth="59.0551181102362" />
  <padstyle name="c151.5_h101" surface="False" plated="True" isvia="False" nopaste="True" nomask="True" complex="False" holesize="39.763779527559">
    <padshape layer="TOP" shape="round" width="59.645669291338" height="59.645669291338" />
    <padshape layer="TOP_SOLDER_MASK" shape="round" width="67.519685039369" height="67.519685039369" />
    <padshape layer="INNER" shape="round" width="59.645669291338" height="59.645669291338" />
    <padshape layer="BOTTOM" shape="round" width="59.645669291338" height="59.645669291338" />
    <padshape layer="BOTTOM_SOLDER_MASK" shape="round" width="67.519685039369" height="67.519685039369" />
  </padstyle>
  <footprint name="0ADAP0200RE" originx="0" originy="0" pickpointx="0" pickpointy="0">
    <pcbpin number="1" name="1" style="c151.5_h101" originx="0" originy="0" rotation="90" />
    <pcbpin number="2" name="2" style="c151.5_h101" originx="2355.905511811" originy="0" rotation="90" />
    <line layer="TOP_ASSEMBLY" originx="532.28346456692" originy="-133.07086614173" endx="1823.6220472441" endy="-133.07086614173" width="3.9370078740157" />
    <line layer="TOP_ASSEMBLY" originx="1823.6220472441" originy="-133.07086614173" endx="1823.6220472441" endy="133.07086614173" width="3.9370078740157" />
    <line layer="TOP_ASSEMBLY" originx="1823.6220472441" originy="133.07086614173" endx="532.28346456692" endy="133.07086614173" width="3.9370078740157" />
    <line layer="TOP_ASSEMBLY" originx="532.28346456692" originy="133.07086614173" endx="532.28346456692" endy="-133.07086614173" width="3.9370078740157" />
    <line layer="TOP_ASSEMBLY" originx="0" originy="0" endx="532.28346456692" endy="0" width="3.9370078740157" />
    <line layer="TOP_ASSEMBLY" originx="532.28346456692" originy="0" endx="532.28346456692" endy="0" width="3.9370078740157" />
    <line layer="TOP_ASSEMBLY" originx="532.28346456692" originy="0" endx="0" endy="0" width="3.9370078740157" />
    <line layer="TOP_ASSEMBLY" originx="0" originy="0" endx="0" endy="0" width="3.9370078740157" />
    <line layer="TOP_ASSEMBLY" originx="2355.905511811" originy="0" endx="1823.6220472441" endy="0" width="3.9370078740157" />
    <line layer="TOP_ASSEMBLY" originx="1823.6220472441" originy="0" endx="1823.6220472441" endy="0" width="3.9370078740157" />
    <line layer="TOP_ASSEMBLY" originx="1823.6220472441" originy="0" endx="2355.905511811" endy="0" width="3.9370078740157" />
    <line layer="TOP_ASSEMBLY" originx="2355.905511811" originy="0" endx="2355.905511811" endy="0" width="3.9370078740157" />
    <line layer="TOP_SILKSCREEN" originx="532.28346456692" originy="133.07086614173" endx="1823.6220472441" endy="133.07086614173" width="7.8740157480314" />
    <line layer="TOP_SILKSCREEN" originx="1823.6220472441" originy="133.07086614173" endx="1823.6220472441" endy="-133.07086614173" width="7.8740157480314" />
    <line layer="TOP_SILKSCREEN" originx="1823.6220472441" originy="-133.07086614173" endx="532.28346456692" endy="-133.07086614173" width="7.8740157480314" />
    <line layer="TOP_SILKSCREEN" originx="532.28346456692" originy="-133.07086614173" endx="532.28346456692" endy="133.07086614173" width="7.8740157480314" />
    <line layer="TOP_PLACE_BOUND" originx="-69.212598425196" originy="172.44094488189" endx="2425.1181102362" endy="172.44094488189" width="3.9370078740157" />
    <line layer="TOP_PLACE_BOUND" originx="2425.1181102362" originy="172.44094488189" endx="2425.1181102362" endy="-172.44094488189" width="3.9370078740157" />
    <line layer="TOP_PLACE_BOUND" originx="2425.1181102362" originy="-172.44094488189" endx="-69.212598425196" endy="-172.44094488189" width="3.9370078740157" />
    <line layer="TOP_PLACE_BOUND" originx="-69.212598425196" originy="-172.44094488189" endx="-69.212598425196" endy="172.44094488189" width="3.9370078740157" />
    <line layer="TOP_SILKSCREEN" originx="47.244094488188" originy="0" endx="531.49606299212" endy="0" width="7.8740157480314" />
    <line layer="TOP_SILKSCREEN" originx="1823.6220472441" originy="0" endx="2303.1496062992" endy="0" width="7.8740157480314" />
    <line layer="TOP_SILKSCREEN" originx="-3.9370078740157" originy="-47.244094488188" endx="-3.9370078740157" endy="-47.244094488188" width="7.8740157480314" />
    <arc layer="TOP_SILKSCREEN" originx="-1.9685039370078" originy="-47.244094488188" startangle="180.0" sweepangle="180.0" radius="1.9685039370079" width="7.8740157480314" />
    <line layer="TOP_SILKSCREEN" originx="0" originy="-47.244094488188" endx="0" endy="-47.244094488188" width="7.8740157480314" />
    <arc layer="TOP_SILKSCREEN" originx="-1.9685039370078" originy="-47.244094488188" startangle=".0" sweepangle="180.0" radius="1.9685039370079" width="7.8740157480314" />
    <line layer="TOP_SILKSCREEN" originx="-3.9370078740157" originy="-47.244094488188" endx="-3.9370078740157" endy="-47.244094488188" width="7.8740157480314" />
    <arc layer="TOP_SILKSCREEN" originx="-1.9685039370078" originy="-47.244094488188" startangle="180.0" sweepangle="180.0" radius="1.9685039370079" width="7.8740157480314" />
  </footprint>
  <symbol name="0ADAP0200-RE" originx="0" originy="0">
    <line originx="200" originy="50" endx="500" endy="50" width="0" />
    <line originx="500" originy="-50" endx="500" endy="50" width="0" />
    <line originx="500" originy="-50" endx="200" endy="-50" width="0" />
    <line originx="200" originy="50" endx="200" endy="-50" width="0" />
    <line originx="200" originy="0" endx="500" endy="0" width="0" />
    <sympin number="1" originx="200" originy="0" rotation="180" length="100" width="7.8740157480315" flipped="False">
      <text name="pinname" originx="0" originy="-10" style="Default" rotation="0" justify="upperleft" flipped="False" hidden="True" data="1" />
      <text name="pindes" originx="0" originy="10" style="Default" rotation="0" justify="lowerleft" flipped="False" hidden="False" data="1" />
    </sympin>
    <sympin number="2" originx="500" originy="0" rotation="0" length="100" width="7.8740157480315" flipped="False">
      <text name="pinname" originx="700" originy="-10" style="Default" rotation="0" justify="upperright" flipped="False" hidden="True" data="2" />
      <text name="pindes" originx="700" originy="10" style="Default" rotation="0" justify="lowerright" flipped="False" hidden="False" data="2" />
    </sympin>
  </symbol>
  <component name="0ADAP0200-RE" designatorprefix="F" height="277.95275590551" footprint="0ADAP0200RE">
    <comppin designator="1" sympin="1" pinswap="0" gateswap="0" gate="1" group="1" side="" type="Any" name="1" />
    <comppin designator="2" sympin="2" pinswap="0" gateswap="0" gate="1" group="1" side="" type="Any" name="2" />
    <attached_symbol gate="1" name="0ADAP0200-RE" />
    <pinmap designator="1" footprintpin="1" />
    <pinmap designator="2" footprintpin="2" />
    <text name="Datasheet" originx="0" originy="0" style="Default" rotation="0" justify="" flipped="False" hidden="True" data="https://www.belfuse.com/resources/datasheets/circuitprotection/ds-cp-0adax-series.pdf" />
    <text name="Description" originx="0" originy="0" style="Default" rotation="0" justify="" flipped="False" hidden="True" data="Fuses with Leads (Through Hole) FUSE, CERAMIC TUBE 0.2A 600VAC600VDC" />
    <text name="Mouser Part Number" originx="0" originy="0" style="Default" rotation="0" justify="" flipped="False" hidden="True" data="530-0ADAP0200-RE" />
    <text name="Mouser Price/Stock" originx="0" originy="0" style="Default" rotation="0" justify="" flipped="False" hidden="True" data="https://www.mouser.co.uk/ProductDetail/Bel-Fuse/0ADAP0200-RE?qs=chTDxNqvsylLbV%252B5gr9f%252Bw%3D%3D" />
    <text name="Manufacturer_Name" originx="0" originy="0" style="Default" rotation="0" justify="" flipped="False" hidden="True" data="BelFuse" />
    <text name="Manufacturer_Part_Number" originx="550" originy="150" style="Default" rotation="0" justify="left" flipped="False" hidden="False" data="0ADAP0200-RE" />
  </component>
</quadcept_library>
