<?xml version="1.0" encoding="utf-8"?>
<!--/298558/663195/2.49/4/3/Connector/-->
<quadcept_library>
  <setting unit="mil" />
  <textstyle name="Default" height="47.244094488189" strokewidth="7.8740157480315" charwidth="47.244094488189" />
  <textstyle name="Dimension" height="19.6850393700787" strokewidth="0" charwidth="19.6850393700787" />
  <textstyle name="H127W0635TH00762" height="50" strokewidth="3" charwidth="25" />
  <textstyle name="H15W15TH02" height="59.0551181102362" strokewidth="7.8740157480315" charwidth="59.0551181102362" />
  <padstyle name="c172.5_h115" surface="False" plated="True" isvia="False" nopaste="True" nomask="True" complex="False" holesize="45.275590551181">
    <padshape layer="TOP" shape="round" width="67.913385826771" height="67.913385826771" />
    <padshape layer="TOP_SOLDER_MASK" shape="round" width="75.787401574802" height="75.787401574802" />
    <padshape layer="INNER" shape="round" width="67.913385826771" height="67.913385826771" />
    <padshape layer="BOTTOM" shape="round" width="67.913385826771" height="67.913385826771" />
    <padshape layer="BOTTOM_SOLDER_MASK" shape="round" width="75.787401574802" height="75.787401574802" />
  </padstyle>
  <padstyle name="s172.5_h115" surface="False" plated="True" isvia="False" nopaste="True" nomask="True" complex="False" holesize="45.275590551181">
    <padshape layer="TOP" shape="square" width="67.913385826771" height="67.913385826771" />
    <padshape layer="TOP_SOLDER_MASK" shape="square" width="75.787401574802" height="75.787401574802" />
    <padshape layer="INNER" shape="round" width="67.913385826771" height="67.913385826771" />
    <padshape layer="BOTTOM" shape="square" width="67.913385826771" height="67.913385826771" />
    <padshape layer="BOTTOM_SOLDER_MASK" shape="square" width="75.787401574802" height="75.787401574802" />
  </padstyle>
  <footprint name="HDRRA4W66P0X254_1X4_762X818X635P" originx="0" originy="0" pickpointx="0" pickpointy="0">
    <pcbpin number="1" name="1" style="s172.5_h115" originx="0" originy="0" rotation="90" />
    <pcbpin number="2" name="2" style="c172.5_h115" originx="99.999999999999" originy="0" rotation="90" />
    <pcbpin number="3" name="3" style="c172.5_h115" originx="200" originy="0" rotation="90" />
    <pcbpin number="4" name="4" style="c172.5_h115" originx="300" originy="0" rotation="90" />
    <line layer="TOP_PLACE_BOUND" originx="-12.795275590551" originy="-53.622047244094" endx="312.79527559055" endy="-53.622047244094" width="1.9685039370079" />
    <line layer="TOP_PLACE_BOUND" originx="312.79527559055" originy="-53.622047244094" endx="312.79527559055" endy="716.92913385826" width="1.9685039370079" />
    <line layer="TOP_PLACE_BOUND" originx="312.79527559055" originy="716.92913385826" endx="-12.795275590551" endy="716.92913385826" width="1.9685039370079" />
    <line layer="TOP_PLACE_BOUND" originx="-12.795275590551" originy="716.92913385826" endx="-12.795275590551" endy="-53.622047244094" width="1.9685039370079" />
    <line layer="TOP_ASSEMBLY" originx="-2.9527559055118" originy="120.07874015748" endx="-2.9527559055118" endy="442.12598425196" width="3.9370078740157" />
    <line layer="TOP_ASSEMBLY" originx="-2.9527559055118" originy="442.12598425196" endx="302.95275590551" endy="442.12598425196" width="3.9370078740157" />
    <line layer="TOP_ASSEMBLY" originx="302.95275590551" originy="442.12598425196" endx="302.95275590551" endy="120.07874015748" width="3.9370078740157" />
    <line layer="TOP_ASSEMBLY" originx="302.95275590551" originy="120.07874015748" endx="-2.9527559055118" endy="120.07874015748" width="3.9370078740157" />
    <line layer="TOP_SILKSCREEN" originx="-2.9527559055118" originy="0" endx="-2.9527559055118" endy="442.12598425196" width="7.8740157480314" />
    <line layer="TOP_SILKSCREEN" originx="-2.9527559055118" originy="442.12598425196" endx="302.95275590551" endy="442.12598425196" width="7.8740157480314" />
    <line layer="TOP_SILKSCREEN" originx="302.95275590551" originy="442.12598425196" endx="302.95275590551" endy="120.07874015748" width="7.8740157480314" />
    <line layer="TOP_SILKSCREEN" originx="0" originy="442.12598425196" endx="0" endy="707.08661417322" width="7.8740157480314" />
    <line layer="TOP_SILKSCREEN" originx="99.999999999999" originy="442.12598425196" endx="99.999999999999" endy="707.08661417322" width="7.8740157480314" />
    <line layer="TOP_SILKSCREEN" originx="200" originy="442.12598425196" endx="200" endy="707.08661417322" width="7.8740157480314" />
    <line layer="TOP_SILKSCREEN" originx="300" originy="442.12598425196" endx="300" endy="707.08661417322" width="7.8740157480314" />
  </footprint>
  <symbol name="171857-4004" originx="0" originy="0">
    <line originx="200" originy="100" endx="600" endy="100" width="0" />
    <line originx="600" originy="-400" endx="600" endy="100" width="0" />
    <line originx="600" originy="-400" endx="200" endy="-400" width="0" />
    <line originx="200" originy="100" endx="200" endy="-400" width="0" />
    <sympin number="1" originx="200" originy="0" rotation="180" length="100" width="7.8740157480315" flipped="False">
      <text name="pinname" originx="230" originy="0" style="Default" rotation="0" justify="left" flipped="False" hidden="False" data="1" />
      <text name="pindes" originx="140" originy="20" style="Default" rotation="0" justify="lowerright" flipped="False" hidden="False" data="1" />
    </sympin>
    <sympin number="2" originx="200" originy="-100" rotation="180" length="100" width="7.8740157480315" flipped="False">
      <text name="pinname" originx="230" originy="-100" style="Default" rotation="0" justify="left" flipped="False" hidden="False" data="2" />
      <text name="pindes" originx="140" originy="-80" style="Default" rotation="0" justify="lowerright" flipped="False" hidden="False" data="2" />
    </sympin>
    <sympin number="3" originx="200" originy="-200" rotation="180" length="100" width="7.8740157480315" flipped="False">
      <text name="pinname" originx="230" originy="-200" style="Default" rotation="0" justify="left" flipped="False" hidden="False" data="3" />
      <text name="pindes" originx="140" originy="-180" style="Default" rotation="0" justify="lowerright" flipped="False" hidden="False" data="3" />
    </sympin>
    <sympin number="4" originx="200" originy="-300" rotation="180" length="100" width="7.8740157480315" flipped="False">
      <text name="pinname" originx="230" originy="-300" style="Default" rotation="0" justify="left" flipped="False" hidden="False" data="4" />
      <text name="pindes" originx="140" originy="-280" style="Default" rotation="0" justify="lowerright" flipped="False" hidden="False" data="4" />
    </sympin>
  </symbol>
  <component name="171857-4004" designatorprefix="J" height="250" footprint="HDRRA4W66P0X254_1X4_762X818X635P">
    <comppin designator="1" sympin="1" pinswap="0" gateswap="0" gate="1" group="1" side="" type="Any" name="1" />
    <comppin designator="2" sympin="2" pinswap="0" gateswap="0" gate="1" group="1" side="" type="Any" name="2" />
    <comppin designator="3" sympin="3" pinswap="0" gateswap="0" gate="1" group="1" side="" type="Any" name="3" />
    <comppin designator="4" sympin="4" pinswap="0" gateswap="0" gate="1" group="1" side="" type="Any" name="4" />
    <attached_symbol gate="1" name="171857-4004" />
    <pinmap designator="1" footprintpin="1" />
    <pinmap designator="2" footprintpin="2" />
    <pinmap designator="3" footprintpin="3" />
    <pinmap designator="4" footprintpin="4" />
    <text name="Datasheet" originx="0" originy="0" style="Default" rotation="0" justify="" flipped="False" hidden="True" data="https://www.molex.com/pdm_docs/sd/1718573005_sd.pdf" />
    <text name="Description" originx="0" originy="0" style="Default" rotation="0" justify="" flipped="False" hidden="True" data="Headers &amp; Wire Housings KK RPC 254 Hdr FrLk R/A 04 Ckt 15Au T&amp;R" />
    <text name="Manufacturer_Name" originx="0" originy="0" style="Default" rotation="0" justify="" flipped="False" hidden="True" data="Molex" />
    <text name="Manufacturer_Part_Number" originx="650" originy="200" style="Default" rotation="0" justify="left" flipped="False" hidden="False" data="171857-4004" />
    <text name="Mouser Part Number" originx="0" originy="0" style="Default" rotation="0" justify="" flipped="False" hidden="True" data="538-171857-4004" />
    <text name="Mouser Price/Stock" originx="0" originy="0" style="Default" rotation="0" justify="" flipped="False" hidden="True" data="https://www.mouser.co.uk/ProductDetail/Molex/171857-4004?qs=v0t%252BUMfTP8MMewSk%252BpG0KA%3D%3D" />
    <text name="Arrow Part Number" originx="0" originy="0" style="Default" rotation="0" justify="" flipped="False" hidden="True" data="" />
    <text name="Arrow Price/Stock" originx="0" originy="0" style="Default" rotation="0" justify="" flipped="False" hidden="True" data="" />
    <text name="Mouser Testing Part Number" originx="0" originy="0" style="Default" rotation="0" justify="" flipped="False" hidden="True" data="" />
    <text name="Mouser Testing Price/Stock" originx="0" originy="0" style="Default" rotation="0" justify="" flipped="False" hidden="True" data="" />
  </component>
</quadcept_library>
