<?xml version="1.0" encoding="utf-8"?>
<!--/13893579/1357958/2.50/3/3/Switch/-->
<quadcept_library>
  <setting unit="mil" />
  <textstyle name="Default" height="47.244094488189" strokewidth="7.8740157480315" charwidth="47.244094488189" />
  <textstyle name="Dimension" height="19.6850393700787" strokewidth="0" charwidth="19.6850393700787" />
  <textstyle name="H127W0635TH00762" height="50" strokewidth="3" charwidth="25" />
  <textstyle name="H15W15TH02" height="59.0551181102362" strokewidth="7.8740157480315" charwidth="59.0551181102362" />
  <padstyle name="r130_100" surface="True" plated="False" isvia="False" nopaste="False" nomask="True" complex="False" holesize="0">
    <padshape layer="TOP" shape="rectangle" width="39.370078740157" height="51.181102362204" />
    <padshape layer="TOP_SOLDER_MASK" shape="rectangle" width="47.244094488188" height="59.055118110235" />
    <padshape layer="TOP_SOLDER_PASTE" shape="rectangle" width="39.370078740157" height="51.181102362204" />
  </padstyle>
  <footprint name="CAS120B" originx="0" originy="0" pickpointx="0" pickpointy="0">
    <pcbpin number="1" name="1" style="r130_100" originx="-68.897637795275" originy="-76.771653543306" rotation="0" />
    <pcbpin number="2" name="2" style="r130_100" originx="0" originy="76.771653543306" rotation="0" />
    <pcbpin number="3" name="3" style="r130_100" originx="68.897637795275" originy="-76.771653543306" rotation="0" />
    <line layer="TOP_ASSEMBLY" originx="-106.29921259842" originy="68.897637795275" endx="106.29921259842" endy="68.897637795275" width="3.9370078740157" />
    <line layer="TOP_ASSEMBLY" originx="106.29921259842" originy="68.897637795275" endx="106.29921259842" endy="-68.897637795275" width="3.9370078740157" />
    <line layer="TOP_ASSEMBLY" originx="106.29921259842" originy="-68.897637795275" endx="-106.29921259842" endy="-68.897637795275" width="3.9370078740157" />
    <line layer="TOP_ASSEMBLY" originx="-106.29921259842" originy="-68.897637795275" endx="-106.29921259842" endy="68.897637795275" width="3.9370078740157" />
    <line layer="TOP_PLACE_BOUND" originx="-145.66929133858" originy="141.73228346457" endx="145.66929133858" endy="141.73228346457" width="3.9370078740157" />
    <line layer="TOP_PLACE_BOUND" originx="145.66929133858" originy="141.73228346457" endx="145.66929133858" endy="-141.73228346457" width="3.9370078740157" />
    <line layer="TOP_PLACE_BOUND" originx="145.66929133858" originy="-141.73228346457" endx="-145.66929133858" endy="-141.73228346457" width="3.9370078740157" />
    <line layer="TOP_PLACE_BOUND" originx="-145.66929133858" originy="-141.73228346457" endx="-145.66929133858" endy="141.73228346457" width="3.9370078740157" />
    <line layer="TOP_SILKSCREEN" originx="31.496062992126" originy="68.897637795275" endx="106.29921259842" endy="68.897637795275" width="7.8740157480314" />
    <line layer="TOP_SILKSCREEN" originx="106.29921259842" originy="68.897637795275" endx="106.29921259842" endy="-68.897637795275" width="7.8740157480314" />
    <line layer="TOP_SILKSCREEN" originx="-31.496062992126" originy="68.897637795275" endx="-106.29921259842" endy="68.897637795275" width="7.8740157480314" />
    <line layer="TOP_SILKSCREEN" originx="-106.29921259842" originy="68.897637795275" endx="-106.29921259842" endy="-68.897637795275" width="7.8740157480314" />
    <line layer="TOP_SILKSCREEN" originx="-70.866141732283" originy="-118.11023622047" endx="-70.866141732283" endy="-118.11023622047" width="3.9370078740157" />
    <arc layer="TOP_SILKSCREEN" originx="-70.866141732283" originy="-120.07874015748" startangle="90.0" sweepangle="180.0" radius="1.9685039370079" width="3.9370078740157" />
    <line layer="TOP_SILKSCREEN" originx="-70.866141732283" originy="-122.04724409449" endx="-70.866141732283" endy="-122.04724409449" width="3.9370078740157" />
    <arc layer="TOP_SILKSCREEN" originx="-70.866141732283" originy="-120.07874015748" startangle="-90.0" sweepangle="180.0" radius="1.9685039370079" width="3.9370078740157" />
    <line layer="TOP_SILKSCREEN" originx="-39.370078740157" originy="-68.897637795275" endx="39.370078740157" endy="-68.897637795275" width="7.8740157480314" />
  </footprint>
  <symbol name="CAS-120B" originx="0" originy="0">
    <line originx="200" originy="100" endx="800" endy="100" width="0" />
    <line originx="800" originy="-200" endx="800" endy="100" width="0" />
    <line originx="800" originy="-200" endx="200" endy="-200" width="0" />
    <line originx="200" originy="100" endx="200" endy="-200" width="0" />
    <sympin number="1" originx="200" originy="0" rotation="180" length="100" width="7.8740157480315" flipped="False">
      <text name="pinname" originx="230" originy="0" style="Default" rotation="0" justify="left" flipped="False" hidden="False" data="NO" />
      <text name="pindes" originx="140" originy="20" style="Default" rotation="0" justify="lowerright" flipped="False" hidden="False" data="1" />
    </sympin>
    <sympin number="2" originx="800" originy="0" rotation="0" length="100" width="7.8740157480315" flipped="False">
      <text name="pinname" originx="770" originy="0" style="Default" rotation="0" justify="right" flipped="False" hidden="False" data="COM" />
      <text name="pindes" originx="860" originy="20" style="Default" rotation="0" justify="lowerleft" flipped="False" hidden="False" data="2" />
    </sympin>
    <sympin number="3" originx="200" originy="-100" rotation="180" length="100" width="7.8740157480315" flipped="False">
      <text name="pinname" originx="230" originy="-100" style="Default" rotation="0" justify="left" flipped="False" hidden="False" data="NC" />
      <text name="pindes" originx="140" originy="-80" style="Default" rotation="0" justify="lowerright" flipped="False" hidden="False" data="3" />
    </sympin>
  </symbol>
  <component name="CAS-120B" designatorprefix="S" height="98.425196850392" footprint="CAS120B">
    <comppin designator="1" sympin="1" pinswap="0" gateswap="0" gate="1" group="1" side="" type="Any" name="NO" />
    <comppin designator="2" sympin="2" pinswap="0" gateswap="0" gate="1" group="1" side="" type="Any" name="COM" />
    <comppin designator="3" sympin="3" pinswap="0" gateswap="0" gate="1" group="1" side="" type="Any" name="NC" />
    <attached_symbol gate="1" name="CAS-120B" />
    <pinmap designator="1" footprintpin="1" />
    <pinmap designator="2" footprintpin="2" />
    <pinmap designator="3" footprintpin="3" />
    <text name="Datasheet" originx="0" originy="0" style="Default" rotation="0" justify="" flipped="False" hidden="True" data="http://www.nidec-copal-electronics.com/e/catalog/switch/cas.pdf" />
    <text name="Description" originx="0" originy="0" style="Default" rotation="0" justify="" flipped="False" hidden="True" data="SPDT, ON-ON  Slide, 100mA @ 6V DC Gull Wing SMD Terminal, Bulk Packaging, Washable with seal tape - Bulk" />
    <text name="Mouser Part Number" originx="0" originy="0" style="Default" rotation="0" justify="" flipped="False" hidden="True" data="229-CAS-120B" />
    <text name="Mouser Price/Stock" originx="0" originy="0" style="Default" rotation="0" justify="" flipped="False" hidden="True" data="https://www.mouser.co.uk/ProductDetail/Nidec-Copal/CAS-120B?qs=XeJtXLiO41SFQrNWr8fvAQ%3D%3D" />
    <text name="Manufacturer_Name" originx="0" originy="0" style="Default" rotation="0" justify="" flipped="False" hidden="True" data="Nidec Copal" />
    <text name="Manufacturer_Part_Number" originx="850" originy="200" style="Default" rotation="0" justify="left" flipped="False" hidden="False" data="CAS-120B" />
  </component>
</quadcept_library>
