<?xml version="1.0" encoding="utf-8"?>
<!--/18948107/1357958/2.50/18/3/Connector/-->
<quadcept_library>
  <setting unit="mil" />
  <textstyle name="Default" height="47.244094488189" strokewidth="7.8740157480315" charwidth="47.244094488189" />
  <textstyle name="Dimension" height="19.6850393700787" strokewidth="0" charwidth="19.6850393700787" />
  <textstyle name="H127W0635TH00762" height="50" strokewidth="3" charwidth="25" />
  <textstyle name="H15W15TH02" height="59.0551181102362" strokewidth="7.8740157480315" charwidth="59.0551181102362" />
  <padstyle name="r80_30" surface="True" plated="False" isvia="False" nopaste="False" nomask="True" complex="False" holesize="0">
    <padshape layer="TOP" shape="rectangle" width="11.811023622047" height="31.496062992126" />
    <padshape layer="TOP_SOLDER_MASK" shape="rectangle" width="19.685039370078" height="39.370078740157" />
    <padshape layer="TOP_SOLDER_PASTE" shape="rectangle" width="11.811023622047" height="31.496062992126" />
  </padstyle>
  <padstyle name="r80_65" surface="True" plated="False" isvia="False" nopaste="False" nomask="True" complex="False" holesize="0">
    <padshape layer="TOP" shape="rectangle" width="25.590551181102" height="31.496062992126" />
    <padshape layer="TOP_SOLDER_MASK" shape="rectangle" width="33.464566929133" height="39.370078740157" />
    <padshape layer="TOP_SOLDER_PASTE" shape="rectangle" width="25.590551181102" height="31.496062992126" />
  </padstyle>
  <padstyle name="c80_h50" surface="False" plated="True" isvia="False" nopaste="True" nomask="True" complex="False" holesize="19.685039370078">
    <padshape layer="TOP" shape="round" width="31.496062992126" height="31.496062992126" />
    <padshape layer="TOP_SOLDER_MASK" shape="round" width="39.370078740157" height="39.370078740157" />
    <padshape layer="INNER" shape="round" width="31.496062992126" height="31.496062992126" />
    <padshape layer="BOTTOM" shape="round" width="31.496062992126" height="31.496062992126" />
    <padshape layer="BOTTOM_SOLDER_MASK" shape="round" width="39.370078740157" height="39.370078740157" />
  </padstyle>
  <padstyle name="c210_h172" surface="False" plated="True" isvia="False" nopaste="True" nomask="True" complex="False" holesize="67.71653543307">
    <padshape layer="TOP" shape="round" width="82.67716535433" height="82.67716535433" />
    <padshape layer="TOP_SOLDER_MASK" shape="round" width="90.551181102361" height="90.551181102361" />
    <padshape layer="INNER" shape="round" width="82.67716535433" height="82.67716535433" />
    <padshape layer="BOTTOM" shape="round" width="82.67716535433" height="82.67716535433" />
    <padshape layer="BOTTOM_SOLDER_MASK" shape="round" width="90.551181102361" height="90.551181102361" />
  </padstyle>
  <footprint name="USB472003A" originx="0" originy="0" pickpointx="0" pickpointy="0">
    <pcbpin number="1" name="A1" style="r80_65" originx="-129.13385826771" originy="157.48031496063" rotation="0" />
    <pcbpin number="2" name="A4" style="r80_65" originx="-95.669291338582" originy="157.48031496063" rotation="0" />
    <pcbpin number="3" name="A5" style="r80_30" originx="-49.212598425196" originy="157.48031496063" rotation="0" />
    <pcbpin number="4" name="A6" style="r80_30" originx="-9.8425196850392" originy="157.48031496063" rotation="0" />
    <pcbpin number="5" name="A7" style="r80_30" originx="9.8425196850392" originy="157.48031496063" rotation="0" />
    <pcbpin number="6" name="A8" style="r80_30" originx="49.212598425196" originy="157.48031496063" rotation="0" />
    <pcbpin number="7" name="A9" style="r80_65" originx="95.669291338582" originy="157.48031496063" rotation="0" />
    <pcbpin number="8" name="A12" style="r80_65" originx="129.13385826771" originy="157.48031496063" rotation="0" />
    <pcbpin number="9" name="B5" style="r80_30" originx="68.897637795275" originy="157.48031496063" rotation="0" />
    <pcbpin number="10" name="B6" style="r80_30" originx="29.527559055118" originy="157.48031496063" rotation="0" />
    <pcbpin number="11" name="B7" style="r80_30" originx="-29.527559055118" originy="157.48031496063" rotation="0" />
    <pcbpin number="12" name="B8" style="r80_30" originx="-68.897637795275" originy="157.48031496063" rotation="0" />
    <pcbpin number="13" name="MH1" style="c80_h50" originx="-161.41732283464" originy="159.44881889764" rotation="90" />
    <pcbpin number="14" name="MH2" style="c80_h50" originx="161.41732283464" originy="159.44881889764" rotation="90" />
    <pcbpin number="15" name="MH3" style="c210_h172" originx="-222.44094488189" originy="147.63779527559" rotation="90" />
    <pcbpin number="16" name="MH4" style="c210_h172" originx="222.44094488189" originy="147.63779527559" rotation="90" />
    <pcbpin number="17" name="MH5" style="c210_h172" originx="-222.44094488189" originy="-9.8425196850392" rotation="90" />
    <pcbpin number="18" name="MH6" style="c210_h172" originx="222.44094488189" originy="-9.8425196850392" rotation="90" />
    <line layer="TOP_PLACE_BOUND" originx="-303.14960629921" originy="228.34645669291" endx="303.14960629921" endy="228.34645669291" width="3.9370078740157" />
    <line layer="TOP_PLACE_BOUND" originx="303.14960629921" originy="228.34645669291" endx="303.14960629921" endy="-198.81889763779" width="3.9370078740157" />
    <line layer="TOP_PLACE_BOUND" originx="303.14960629921" originy="-198.81889763779" endx="-303.14960629921" endy="-198.81889763779" width="3.9370078740157" />
    <line layer="TOP_PLACE_BOUND" originx="-303.14960629921" originy="-198.81889763779" endx="-303.14960629921" endy="228.34645669291" width="3.9370078740157" />
    <line layer="TOP_ASSEMBLY" originx="0" originy="139.76377952756" endx="-187.79527559055" endy="139.76377952756" width="3.9370078740157" />
    <line layer="TOP_ASSEMBLY" originx="-187.79527559055" originy="139.76377952756" endx="-187.79527559055" endy="86.614173228345" width="3.9370078740157" />
    <line layer="TOP_ASSEMBLY" originx="-187.79527559055" originy="86.614173228345" endx="-173.22834645669" endy="86.614173228345" width="3.9370078740157" />
    <line layer="TOP_ASSEMBLY" originx="-173.22834645669" originy="86.614173228345" endx="-173.22834645669" endy="39.370078740157" width="3.9370078740157" />
    <line layer="TOP_ASSEMBLY" originx="-173.22834645669" originy="39.370078740157" endx="-187.79527559055" endy="39.370078740157" width="3.9370078740157" />
    <line layer="TOP_ASSEMBLY" originx="-187.79527559055" originy="39.370078740157" endx="-187.79527559055" endy="-78.740157480314" width="3.9370078740157" />
    <line layer="TOP_ASSEMBLY" originx="-187.79527559055" originy="-78.740157480314" endx="-181.10236220472" endy="-78.740157480314" width="3.9370078740157" />
    <line layer="TOP_ASSEMBLY" originx="-181.10236220472" originy="-78.740157480314" endx="-181.10236220472" endy="-86.614173228345" width="3.9370078740157" />
    <line layer="TOP_ASSEMBLY" originx="-181.10236220472" originy="-86.614173228345" endx="-187.79527559055" endy="-86.614173228345" width="3.9370078740157" />
    <line layer="TOP_ASSEMBLY" originx="-187.79527559055" originy="-86.614173228345" endx="-187.79527559055" endy="-125.9842519685" width="3.9370078740157" />
    <line layer="TOP_ASSEMBLY" originx="-187.79527559055" originy="-125.9842519685" endx="-133.85826771653" endy="-125.9842519685" width="3.9370078740157" />
    <line layer="TOP_ASSEMBLY" originx="-133.85826771653" originy="-125.9842519685" endx="-110.23622047244" endy="-159.44881889764" width="3.9370078740157" />
    <line layer="TOP_ASSEMBLY" originx="-110.23622047244" originy="-159.44881889764" endx="86.614173228345" endy="-159.44881889764" width="3.9370078740157" />
    <line layer="TOP_ASSEMBLY" originx="86.614173228345" originy="-159.44881889764" endx="125.9842519685" endy="-125.9842519685" width="3.9370078740157" />
    <line layer="TOP_ASSEMBLY" originx="125.9842519685" originy="-125.9842519685" endx="187.79527559055" endy="-125.9842519685" width="3.9370078740157" />
    <line layer="TOP_ASSEMBLY" originx="187.79527559055" originy="-125.9842519685" endx="187.79527559055" endy="-86.614173228345" width="3.9370078740157" />
    <line layer="TOP_ASSEMBLY" originx="187.79527559055" originy="-86.614173228345" endx="181.10236220472" endy="-86.614173228345" width="3.9370078740157" />
    <line layer="TOP_ASSEMBLY" originx="181.10236220472" originy="-86.614173228345" endx="181.10236220472" endy="-78.740157480314" width="3.9370078740157" />
    <line layer="TOP_ASSEMBLY" originx="181.10236220472" originy="-78.740157480314" endx="187.79527559055" endy="-78.740157480314" width="3.9370078740157" />
    <line layer="TOP_ASSEMBLY" originx="187.79527559055" originy="-78.740157480314" endx="187.79527559055" endy="39.370078740157" width="3.9370078740157" />
    <line layer="TOP_ASSEMBLY" originx="187.79527559055" originy="39.370078740157" endx="173.22834645669" endy="39.370078740157" width="3.9370078740157" />
    <line layer="TOP_ASSEMBLY" originx="173.22834645669" originy="39.370078740157" endx="173.22834645669" endy="86.614173228345" width="3.9370078740157" />
    <line layer="TOP_ASSEMBLY" originx="173.22834645669" originy="86.614173228345" endx="187.79527559055" endy="86.614173228345" width="3.9370078740157" />
    <line layer="TOP_ASSEMBLY" originx="187.79527559055" originy="86.614173228345" endx="187.79527559055" endy="139.76377952756" width="3.9370078740157" />
    <line layer="TOP_ASSEMBLY" originx="187.79527559055" originy="139.76377952756" endx="0" endy="139.76377952756" width="3.9370078740157" />
    <line layer="TOP_ASSEMBLY" originx="-187.79527559055" originy="39.370078740157" endx="-259.84251968504" endy="39.370078740157" width="3.9370078740157" />
    <line layer="TOP_ASSEMBLY" originx="-259.84251968504" originy="39.370078740157" endx="-259.84251968504" endy="-55.11811023622" width="3.9370078740157" />
    <line layer="TOP_ASSEMBLY" originx="-259.84251968504" originy="-55.11811023622" endx="-187.79527559055" endy="-55.11811023622" width="3.9370078740157" />
    <line layer="TOP_ASSEMBLY" originx="-187.79527559055" originy="102.36220472441" endx="-267.71653543307" endy="102.36220472441" width="3.9370078740157" />
    <line layer="TOP_ASSEMBLY" originx="-267.71653543307" originy="102.36220472441" endx="-267.71653543307" endy="188.97637795275" width="3.9370078740157" />
    <line layer="TOP_ASSEMBLY" originx="-267.71653543307" originy="188.97637795275" endx="-181.10236220472" endy="188.97637795275" width="3.9370078740157" />
    <line layer="TOP_ASSEMBLY" originx="-181.10236220472" originy="188.97637795275" endx="-181.10236220472" endy="139.76377952756" width="3.9370078740157" />
    <line layer="TOP_ASSEMBLY" originx="188.97637795275" originy="102.36220472441" endx="267.71653543307" endy="102.36220472441" width="3.9370078740157" />
    <line layer="TOP_ASSEMBLY" originx="267.71653543307" originy="102.36220472441" endx="267.71653543307" endy="188.97637795275" width="3.9370078740157" />
    <line layer="TOP_ASSEMBLY" originx="267.71653543307" originy="188.97637795275" endx="181.10236220472" endy="188.97637795275" width="3.9370078740157" />
    <line layer="TOP_ASSEMBLY" originx="181.10236220472" originy="188.97637795275" endx="181.10236220472" endy="139.76377952756" width="3.9370078740157" />
    <line layer="TOP_ASSEMBLY" originx="187.79527559055" originy="39.370078740157" endx="267.71653543307" endy="39.370078740157" width="3.9370078740157" />
    <line layer="TOP_ASSEMBLY" originx="267.71653543307" originy="39.370078740157" endx="267.71653543307" endy="-55.11811023622" width="3.9370078740157" />
    <line layer="TOP_ASSEMBLY" originx="267.71653543307" originy="-55.11811023622" endx="187.79527559055" endy="-55.11811023622" width="3.9370078740157" />
    <line layer="TOP_SILKSCREEN" originx="-187.79527559055" originy="102.36220472441" endx="-187.79527559055" endy="86.614173228345" width="7.8740157480314" />
    <line layer="TOP_SILKSCREEN" originx="-187.79527559055" originy="86.614173228345" endx="-173.22834645669" endy="86.614173228345" width="7.8740157480314" />
    <line layer="TOP_SILKSCREEN" originx="-173.22834645669" originy="86.614173228345" endx="-173.22834645669" endy="39.370078740157" width="7.8740157480314" />
    <line layer="TOP_SILKSCREEN" originx="-187.79527559055" originy="-55.11811023622" endx="-187.79527559055" endy="-78.740157480314" width="7.8740157480314" />
    <line layer="TOP_SILKSCREEN" originx="-187.79527559055" originy="-78.740157480314" endx="-181.10236220472" endy="-78.740157480314" width="7.8740157480314" />
    <line layer="TOP_SILKSCREEN" originx="-181.10236220472" originy="-78.740157480314" endx="-181.10236220472" endy="-86.614173228345" width="7.8740157480314" />
    <line layer="TOP_SILKSCREEN" originx="-181.10236220472" originy="-86.614173228345" endx="-187.79527559055" endy="-86.614173228345" width="7.8740157480314" />
    <line layer="TOP_SILKSCREEN" originx="-187.79527559055" originy="-86.614173228345" endx="-187.79527559055" endy="-125.9842519685" width="7.8740157480314" />
    <line layer="TOP_SILKSCREEN" originx="-187.79527559055" originy="-125.9842519685" endx="-133.85826771653" endy="-125.9842519685" width="7.8740157480314" />
    <line layer="TOP_SILKSCREEN" originx="-133.85826771653" originy="-125.9842519685" endx="-110.23622047244" endy="-159.44881889764" width="7.8740157480314" />
    <line layer="TOP_SILKSCREEN" originx="-110.23622047244" originy="-159.44881889764" endx="86.614173228345" endy="-159.44881889764" width="7.8740157480314" />
    <line layer="TOP_SILKSCREEN" originx="86.614173228345" originy="-159.44881889764" endx="125.9842519685" endy="-125.9842519685" width="7.8740157480314" />
    <line layer="TOP_SILKSCREEN" originx="125.9842519685" originy="-125.9842519685" endx="187.79527559055" endy="-125.9842519685" width="7.8740157480314" />
    <line layer="TOP_SILKSCREEN" originx="187.79527559055" originy="-125.9842519685" endx="187.79527559055" endy="-86.614173228345" width="7.8740157480314" />
    <line layer="TOP_SILKSCREEN" originx="187.79527559055" originy="-86.614173228345" endx="181.10236220472" endy="-86.614173228345" width="7.8740157480314" />
    <line layer="TOP_SILKSCREEN" originx="181.10236220472" originy="-86.614173228345" endx="181.10236220472" endy="-78.740157480314" width="7.8740157480314" />
    <line layer="TOP_SILKSCREEN" originx="181.10236220472" originy="-78.740157480314" endx="187.79527559055" endy="-78.740157480314" width="7.8740157480314" />
    <line layer="TOP_SILKSCREEN" originx="187.79527559055" originy="-78.740157480314" endx="187.79527559055" endy="-55.11811023622" width="7.8740157480314" />
    <line layer="TOP_SILKSCREEN" originx="187.79527559055" originy="102.36220472441" endx="187.79527559055" endy="86.614173228345" width="7.8740157480314" />
    <line layer="TOP_SILKSCREEN" originx="187.79527559055" originy="86.614173228345" endx="173.22834645669" endy="86.614173228345" width="7.8740157480314" />
    <line layer="TOP_SILKSCREEN" originx="173.22834645669" originy="86.614173228345" endx="173.22834645669" endy="39.370078740157" width="7.8740157480314" />
    <line layer="TOP_SILKSCREEN" originx="173.22834645669" originy="39.370078740157" endx="188.97637795275" endy="39.370078740157" width="7.8740157480314" />
    <line layer="TOP_SILKSCREEN" originx="-129.13385826771" originy="212.59842519685" endx="-129.13385826771" endy="212.59842519685" width="3.9370078740157" />
    <arc layer="TOP_SILKSCREEN" originx="-129.13385826771" originy="214.56692913386" startangle="-90.0" sweepangle="180.0" radius="1.9685039370078" width="3.9370078740157" />
    <line layer="TOP_SILKSCREEN" originx="-129.13385826771" originy="216.53543307086" endx="-129.13385826771" endy="216.53543307086" width="3.9370078740157" />
    <arc layer="TOP_SILKSCREEN" originx="-129.13385826771" originy="214.56692913386" startangle="90.0" sweepangle="180.0" radius="1.9685039370078" width="3.9370078740157" />
  </footprint>
  <symbol name="USB4720-03-A" originx="0" originy="0">
    <line originx="200" originy="100" endx="1000" endy="100" width="0" />
    <line originx="1000" originy="-900" endx="1000" endy="100" width="0" />
    <line originx="1000" originy="-900" endx="200" endy="-900" width="0" />
    <line originx="200" originy="100" endx="200" endy="-900" width="0" />
    <sympin number="1" originx="200" originy="0" rotation="180" length="100" width="7.8740157480315" flipped="False">
      <text name="pinname" originx="230" originy="0" style="Default" rotation="0" justify="left" flipped="False" hidden="False" data="GND_1" />
      <text name="pindes" originx="140" originy="20" style="Default" rotation="0" justify="lowerright" flipped="False" hidden="False" data="A1" />
    </sympin>
    <sympin number="2" originx="200" originy="-100" rotation="180" length="100" width="7.8740157480315" flipped="False">
      <text name="pinname" originx="230" originy="-100" style="Default" rotation="0" justify="left" flipped="False" hidden="False" data="VBUS_1" />
      <text name="pindes" originx="140" originy="-80" style="Default" rotation="0" justify="lowerright" flipped="False" hidden="False" data="A4" />
    </sympin>
    <sympin number="3" originx="200" originy="-200" rotation="180" length="100" width="7.8740157480315" flipped="False">
      <text name="pinname" originx="230" originy="-200" style="Default" rotation="0" justify="left" flipped="False" hidden="False" data="CC1" />
      <text name="pindes" originx="140" originy="-180" style="Default" rotation="0" justify="lowerright" flipped="False" hidden="False" data="A5" />
    </sympin>
    <sympin number="4" originx="200" originy="-300" rotation="180" length="100" width="7.8740157480315" flipped="False">
      <text name="pinname" originx="230" originy="-300" style="Default" rotation="0" justify="left" flipped="False" hidden="False" data="DP1" />
      <text name="pindes" originx="140" originy="-280" style="Default" rotation="0" justify="lowerright" flipped="False" hidden="False" data="A6" />
    </sympin>
    <sympin number="5" originx="200" originy="-400" rotation="180" length="100" width="7.8740157480315" flipped="False">
      <text name="pinname" originx="230" originy="-400" style="Default" rotation="0" justify="left" flipped="False" hidden="False" data="DN1" />
      <text name="pindes" originx="140" originy="-380" style="Default" rotation="0" justify="lowerright" flipped="False" hidden="False" data="A7" />
    </sympin>
    <sympin number="6" originx="200" originy="-500" rotation="180" length="100" width="7.8740157480315" flipped="False">
      <text name="pinname" originx="230" originy="-500" style="Default" rotation="0" justify="left" flipped="False" hidden="False" data="SBU1" />
      <text name="pindes" originx="140" originy="-480" style="Default" rotation="0" justify="lowerright" flipped="False" hidden="False" data="A8" />
    </sympin>
    <sympin number="7" originx="200" originy="-600" rotation="180" length="100" width="7.8740157480315" flipped="False">
      <text name="pinname" originx="230" originy="-600" style="Default" rotation="0" justify="left" flipped="False" hidden="False" data="VBUS_2" />
      <text name="pindes" originx="140" originy="-580" style="Default" rotation="0" justify="lowerright" flipped="False" hidden="False" data="A9" />
    </sympin>
    <sympin number="8" originx="200" originy="-700" rotation="180" length="100" width="7.8740157480315" flipped="False">
      <text name="pinname" originx="230" originy="-700" style="Default" rotation="0" justify="left" flipped="False" hidden="False" data="GND_2" />
      <text name="pindes" originx="140" originy="-680" style="Default" rotation="0" justify="lowerright" flipped="False" hidden="False" data="A12" />
    </sympin>
    <sympin number="9" originx="200" originy="-800" rotation="180" length="100" width="7.8740157480315" flipped="False">
      <text name="pinname" originx="230" originy="-800" style="Default" rotation="0" justify="left" flipped="False" hidden="False" data="CC2" />
      <text name="pindes" originx="140" originy="-780" style="Default" rotation="0" justify="lowerright" flipped="False" hidden="False" data="B5" />
    </sympin>
    <sympin number="10" originx="1000" originy="0" rotation="0" length="100" width="7.8740157480315" flipped="False">
      <text name="pinname" originx="970" originy="0" style="Default" rotation="0" justify="right" flipped="False" hidden="False" data="DP2" />
      <text name="pindes" originx="1060" originy="20" style="Default" rotation="0" justify="lowerleft" flipped="False" hidden="False" data="B6" />
    </sympin>
    <sympin number="11" originx="1000" originy="-100" rotation="0" length="100" width="7.8740157480315" flipped="False">
      <text name="pinname" originx="970" originy="-100" style="Default" rotation="0" justify="right" flipped="False" hidden="False" data="DN2" />
      <text name="pindes" originx="1060" originy="-80" style="Default" rotation="0" justify="lowerleft" flipped="False" hidden="False" data="B7" />
    </sympin>
    <sympin number="12" originx="1000" originy="-200" rotation="0" length="100" width="7.8740157480315" flipped="False">
      <text name="pinname" originx="970" originy="-200" style="Default" rotation="0" justify="right" flipped="False" hidden="False" data="SBU2" />
      <text name="pindes" originx="1060" originy="-180" style="Default" rotation="0" justify="lowerleft" flipped="False" hidden="False" data="B8" />
    </sympin>
    <sympin number="13" originx="1000" originy="-300" rotation="0" length="100" width="7.8740157480315" flipped="False">
      <text name="pinname" originx="970" originy="-300" style="Default" rotation="0" justify="right" flipped="False" hidden="False" data="MH1" />
      <text name="pindes" originx="1060" originy="-280" style="Default" rotation="0" justify="lowerleft" flipped="False" hidden="False" data="MH1" />
    </sympin>
    <sympin number="14" originx="1000" originy="-400" rotation="0" length="100" width="7.8740157480315" flipped="False">
      <text name="pinname" originx="970" originy="-400" style="Default" rotation="0" justify="right" flipped="False" hidden="False" data="MH2" />
      <text name="pindes" originx="1060" originy="-380" style="Default" rotation="0" justify="lowerleft" flipped="False" hidden="False" data="MH2" />
    </sympin>
    <sympin number="15" originx="1000" originy="-500" rotation="0" length="100" width="7.8740157480315" flipped="False">
      <text name="pinname" originx="970" originy="-500" style="Default" rotation="0" justify="right" flipped="False" hidden="False" data="MH3" />
      <text name="pindes" originx="1060" originy="-480" style="Default" rotation="0" justify="lowerleft" flipped="False" hidden="False" data="MH3" />
    </sympin>
    <sympin number="16" originx="1000" originy="-600" rotation="0" length="100" width="7.8740157480315" flipped="False">
      <text name="pinname" originx="970" originy="-600" style="Default" rotation="0" justify="right" flipped="False" hidden="False" data="MH4" />
      <text name="pindes" originx="1060" originy="-580" style="Default" rotation="0" justify="lowerleft" flipped="False" hidden="False" data="MH4" />
    </sympin>
    <sympin number="17" originx="1000" originy="-700" rotation="0" length="100" width="7.8740157480315" flipped="False">
      <text name="pinname" originx="970" originy="-700" style="Default" rotation="0" justify="right" flipped="False" hidden="False" data="MH5" />
      <text name="pindes" originx="1060" originy="-680" style="Default" rotation="0" justify="lowerleft" flipped="False" hidden="False" data="MH5" />
    </sympin>
    <sympin number="18" originx="1000" originy="-800" rotation="0" length="100" width="7.8740157480315" flipped="False">
      <text name="pinname" originx="970" originy="-800" style="Default" rotation="0" justify="right" flipped="False" hidden="False" data="MH6" />
      <text name="pindes" originx="1060" originy="-780" style="Default" rotation="0" justify="lowerleft" flipped="False" hidden="False" data="MH6" />
    </sympin>
  </symbol>
  <component name="USB4720-03-A" designatorprefix="J" height="153.54330708661" footprint="USB472003A">
    <comppin designator="A1" sympin="1" pinswap="0" gateswap="0" gate="1" group="1" side="" type="Any" name="GND_1" />
    <comppin designator="A4" sympin="2" pinswap="0" gateswap="0" gate="1" group="1" side="" type="Any" name="VBUS_1" />
    <comppin designator="A5" sympin="3" pinswap="0" gateswap="0" gate="1" group="1" side="" type="Any" name="CC1" />
    <comppin designator="A6" sympin="4" pinswap="0" gateswap="0" gate="1" group="1" side="" type="Any" name="DP1" />
    <comppin designator="A7" sympin="5" pinswap="0" gateswap="0" gate="1" group="1" side="" type="Any" name="DN1" />
    <comppin designator="A8" sympin="6" pinswap="0" gateswap="0" gate="1" group="1" side="" type="Any" name="SBU1" />
    <comppin designator="A9" sympin="7" pinswap="0" gateswap="0" gate="1" group="1" side="" type="Any" name="VBUS_2" />
    <comppin designator="A12" sympin="8" pinswap="0" gateswap="0" gate="1" group="1" side="" type="Any" name="GND_2" />
    <comppin designator="B5" sympin="9" pinswap="0" gateswap="0" gate="1" group="1" side="" type="Any" name="CC2" />
    <comppin designator="B6" sympin="10" pinswap="0" gateswap="0" gate="1" group="1" side="" type="Any" name="DP2" />
    <comppin designator="B7" sympin="11" pinswap="0" gateswap="0" gate="1" group="1" side="" type="Any" name="DN2" />
    <comppin designator="B8" sympin="12" pinswap="0" gateswap="0" gate="1" group="1" side="" type="Any" name="SBU2" />
    <comppin designator="MH1" sympin="13" pinswap="0" gateswap="0" gate="1" group="1" side="" type="Any" name="MH1" />
    <comppin designator="MH2" sympin="14" pinswap="0" gateswap="0" gate="1" group="1" side="" type="Any" name="MH2" />
    <comppin designator="MH3" sympin="15" pinswap="0" gateswap="0" gate="1" group="1" side="" type="Any" name="MH3" />
    <comppin designator="MH4" sympin="16" pinswap="0" gateswap="0" gate="1" group="1" side="" type="Any" name="MH4" />
    <comppin designator="MH5" sympin="17" pinswap="0" gateswap="0" gate="1" group="1" side="" type="Any" name="MH5" />
    <comppin designator="MH6" sympin="18" pinswap="0" gateswap="0" gate="1" group="1" side="" type="Any" name="MH6" />
    <attached_symbol gate="1" name="USB4720-03-A" />
    <pinmap designator="A1" footprintpin="1" />
    <pinmap designator="A4" footprintpin="2" />
    <pinmap designator="A5" footprintpin="3" />
    <pinmap designator="A6" footprintpin="4" />
    <pinmap designator="A7" footprintpin="5" />
    <pinmap designator="A8" footprintpin="6" />
    <pinmap designator="A9" footprintpin="7" />
    <pinmap designator="A12" footprintpin="8" />
    <pinmap designator="B5" footprintpin="9" />
    <pinmap designator="B6" footprintpin="10" />
    <pinmap designator="B7" footprintpin="11" />
    <pinmap designator="B8" footprintpin="12" />
    <pinmap designator="MH1" footprintpin="13" />
    <pinmap designator="MH2" footprintpin="14" />
    <pinmap designator="MH3" footprintpin="15" />
    <pinmap designator="MH4" footprintpin="16" />
    <pinmap designator="MH5" footprintpin="17" />
    <pinmap designator="MH6" footprintpin="18" />
    <text name="Datasheet" originx="0" originy="0" style="Default" rotation="0" justify="" flipped="False" hidden="True" data="https://www.gct.co/files/drawings/USB4720.pdf" />
    <text name="Description" originx="0" originy="0" style="Default" rotation="0" justify="" flipped="False" hidden="True" data="USB Connectors USB2.0 TypeC Recpt., 3u Gold, 16P Horz Mid Mount SMT, 1.13mm O-set, IP67" />
    <text name="Mouser Part Number" originx="0" originy="0" style="Default" rotation="0" justify="" flipped="False" hidden="True" data="640-USB472003A" />
    <text name="Mouser Price/Stock" originx="0" originy="0" style="Default" rotation="0" justify="" flipped="False" hidden="True" data="https://www.mouser.co.uk/ProductDetail/GCT/USB4720-03-A?qs=Z%252BL2brAPG1IK%252BbxHmYg8zQ%3D%3D" />
    <text name="Manufacturer_Name" originx="0" originy="0" style="Default" rotation="0" justify="" flipped="False" hidden="True" data="GCT (GLOBAL CONNECTOR TECHNOLOGY)" />
    <text name="Manufacturer_Part_Number" originx="1050" originy="200" style="Default" rotation="0" justify="left" flipped="False" hidden="False" data="USB4720-03-A" />
  </component>
</quadcept_library>
