<?xml version="1.0" encoding="utf-8"?>
<!--/354349/1111053/2.50/5/4/Relay or Contactor/-->
<quadcept_library>
  <setting unit="mil" />
  <textstyle name="Default" height="47.244094488189" strokewidth="7.8740157480315" charwidth="47.244094488189" />
  <textstyle name="Dimension" height="19.6850393700787" strokewidth="0" charwidth="19.6850393700787" />
  <textstyle name="H127W0635TH00762" height="50" strokewidth="3" charwidth="25" />
  <textstyle name="H15W15TH02" height="59.0551181102362" strokewidth="7.8740157480315" charwidth="59.0551181102362" />
  <padstyle name="c340_h233" surface="False" plated="True" isvia="False" nopaste="True" nomask="True" complex="False" holesize="91.732283464566">
    <padshape layer="TOP" shape="round" width="133.85826771653" height="133.85826771653" />
    <padshape layer="TOP_SOLDER_MASK" shape="round" width="141.73228346457" height="141.73228346457" />
    <padshape layer="INNER" shape="round" width="133.85826771653" height="133.85826771653" />
    <padshape layer="BOTTOM" shape="round" width="133.85826771653" height="133.85826771653" />
    <padshape layer="BOTTOM_SOLDER_MASK" shape="round" width="141.73228346457" height="141.73228346457" />
  </padstyle>
  <padstyle name="c210_h140" surface="False" plated="True" isvia="False" nopaste="True" nomask="True" complex="False" holesize="55.11811023622">
    <padshape layer="TOP" shape="round" width="82.67716535433" height="82.67716535433" />
    <padshape layer="TOP_SOLDER_MASK" shape="round" width="90.551181102361" height="90.551181102361" />
    <padshape layer="INNER" shape="round" width="82.67716535433" height="82.67716535433" />
    <padshape layer="BOTTOM" shape="round" width="82.67716535433" height="82.67716535433" />
    <padshape layer="BOTTOM_SOLDER_MASK" shape="round" width="90.551181102361" height="90.551181102361" />
  </padstyle>
  <footprint name="CP112V" originx="0" originy="0" pickpointx="0" pickpointy="0">
    <pcbpin number="1" name="1" style="c210_h140" originx="0" originy="0" rotation="90" />
    <pcbpin number="2" name="2" style="c340_h233" originx="-106.29921259842" originy="-177.16535433071" rotation="90" />
    <pcbpin number="3" name="3" style="c340_h233" originx="118.11023622047" originy="-389.76377952755" rotation="90" />
    <pcbpin number="4" name="4" style="c340_h233" originx="314.96062992126" originy="-177.16535433071" rotation="90" />
    <pcbpin number="5" name="5" style="c210_h140" originx="236.22047244094" originy="0" rotation="90" />
    <line layer="TOP_ASSEMBLY" originx="-171.25984251968" originy="59.055118110235" endx="379.92125984252" endy="59.055118110235" width="7.8740157480314" />
    <line layer="TOP_ASSEMBLY" originx="379.92125984252" originy="59.055118110235" endx="379.92125984252" endy="-452.75590551181" width="7.8740157480314" />
    <line layer="TOP_ASSEMBLY" originx="379.92125984252" originy="-452.75590551181" endx="-171.25984251968" endy="-452.75590551181" width="7.8740157480314" />
    <line layer="TOP_ASSEMBLY" originx="-171.25984251968" originy="-452.75590551181" endx="-171.25984251968" endy="59.055118110235" width="7.8740157480314" />
    <line layer="TOP_PLACE_BOUND" originx="-212.55905511811" originy="117.44094488189" endx="421.25984251968" endy="117.44094488189" width="3.9370078740157" />
    <line layer="TOP_PLACE_BOUND" originx="421.25984251968" originy="117.44094488189" endx="421.25984251968" endy="-496.06299212598" width="3.9370078740157" />
    <line layer="TOP_PLACE_BOUND" originx="421.25984251968" originy="-496.06299212598" endx="-212.55905511811" endy="-496.06299212598" width="3.9370078740157" />
    <line layer="TOP_PLACE_BOUND" originx="-212.55905511811" originy="-496.06299212598" endx="-212.55905511811" endy="117.44094488189" width="3.9370078740157" />
    <line layer="TOP_SILKSCREEN" originx="-1.5354330708661" originy="77.007874015747" endx="-1.5354330708661" endy="77.007874015747" width="2.0866141732284" />
    <arc layer="TOP_SILKSCREEN" originx="-0.49212598425196" originy="76.988188976377" startangle="180.0" sweepangle="180.0" radius="1.0433070866142" width="2.0866141732284" />
    <line layer="TOP_SILKSCREEN" originx="0.5511811023622" originy="77.007874015747" endx="0.5511811023622" endy="77.007874015747" width="2.0866141732284" />
    <arc layer="TOP_SILKSCREEN" originx="-0.49212598425196" originy="76.988188976377" startangle=".0" sweepangle="180.0" radius="1.0433070866142" width="2.0866141732284" />
    <line layer="TOP_SILKSCREEN" originx="-171.25984251968" originy="-118.11023622047" endx="-171.25984251968" endy="59.055118110235" width="7.8740157480314" />
    <line layer="TOP_SILKSCREEN" originx="-171.25984251968" originy="59.055118110235" endx="379.92125984252" endy="59.055118110235" width="7.8740157480314" />
    <line layer="TOP_SILKSCREEN" originx="379.92125984252" originy="59.055118110235" endx="379.92125984252" endy="-118.11023622047" width="7.8740157480314" />
    <line layer="TOP_SILKSCREEN" originx="-171.25984251968" originy="-236.22047244094" endx="-171.25984251968" endy="-452.75590551181" width="7.8740157480314" />
    <line layer="TOP_SILKSCREEN" originx="-171.25984251968" originy="-452.75590551181" endx="59.055118110235" endy="-452.75590551181" width="7.8740157480314" />
    <line layer="TOP_SILKSCREEN" originx="177.16535433071" originy="-452.75590551181" endx="374.01574803149" endy="-452.75590551181" width="7.8740157480314" />
    <line layer="TOP_SILKSCREEN" originx="374.01574803149" originy="-452.75590551181" endx="379.92125984252" endy="-452.75590551181" width="7.8740157480314" />
    <line layer="TOP_SILKSCREEN" originx="379.92125984252" originy="-452.75590551181" endx="379.92125984252" endy="-236.22047244094" width="7.8740157480314" />
  </footprint>
  <symbol name="CP1-12V" originx="0" originy="0">
    <line originx="200" originy="500" endx="800" endy="500" width="0" />
    <line originx="800" originy="-300" endx="800" endy="500" width="0" />
    <line originx="800" originy="-300" endx="200" endy="-300" width="0" />
    <line originx="200" originy="500" endx="200" endy="-300" width="0" />
    <sympin number="1" originx="400" originy="500" rotation="90" length="100" width="7.8740157480315" flipped="False">
      <text name="pinname" originx="400" originy="470" style="Default" rotation="0" justify="right" flipped="False" hidden="False" data="COIL_1" />
      <text name="pindes" originx="380" originy="560" style="Default" rotation="0" justify="lowerleft" flipped="False" hidden="False" data="1" />
    </sympin>
    <sympin number="2" originx="200" originy="0" rotation="180" length="100" width="7.8740157480315" flipped="False">
      <text name="pinname" originx="230" originy="0" style="Default" rotation="0" justify="left" flipped="False" hidden="False" data="COM" />
      <text name="pindes" originx="140" originy="20" style="Default" rotation="0" justify="lowerright" flipped="False" hidden="False" data="2" />
    </sympin>
    <sympin number="3" originx="500" originy="-300" rotation="270" length="100" width="7.8740157480315" flipped="False">
      <text name="pinname" originx="500" originy="-270" style="Default" rotation="0" justify="left" flipped="False" hidden="False" data="NC" />
      <text name="pindes" originx="480" originy="-360" style="Default" rotation="0" justify="lowerright" flipped="False" hidden="False" data="3" />
    </sympin>
    <sympin number="4" originx="800" originy="0" rotation="0" length="100" width="7.8740157480315" flipped="False">
      <text name="pinname" originx="770" originy="0" style="Default" rotation="0" justify="right" flipped="False" hidden="False" data="NO" />
      <text name="pindes" originx="860" originy="20" style="Default" rotation="0" justify="lowerleft" flipped="False" hidden="False" data="4" />
    </sympin>
    <sympin number="5" originx="500" originy="500" rotation="90" length="100" width="7.8740157480315" flipped="False">
      <text name="pinname" originx="500" originy="470" style="Default" rotation="0" justify="right" flipped="False" hidden="False" data="COIL_2" />
      <text name="pindes" originx="480" originy="560" style="Default" rotation="0" justify="lowerleft" flipped="False" hidden="False" data="5" />
    </sympin>
  </symbol>
  <component name="CP1-12V" designatorprefix="K" height="374.01574803149" footprint="CP112V">
    <comppin designator="1" sympin="1" pinswap="0" gateswap="0" gate="1" group="1" side="" type="Any" name="COIL_1" />
    <comppin designator="2" sympin="2" pinswap="0" gateswap="0" gate="1" group="1" side="" type="Any" name="COM" />
    <comppin designator="3" sympin="3" pinswap="0" gateswap="0" gate="1" group="1" side="" type="Any" name="NC" />
    <comppin designator="4" sympin="4" pinswap="0" gateswap="0" gate="1" group="1" side="" type="Any" name="NO" />
    <comppin designator="5" sympin="5" pinswap="0" gateswap="0" gate="1" group="1" side="" type="Any" name="COIL_2" />
    <attached_symbol gate="1" name="CP1-12V" />
    <pinmap designator="1" footprintpin="1" />
    <pinmap designator="2" footprintpin="2" />
    <pinmap designator="3" footprintpin="3" />
    <pinmap designator="4" footprintpin="4" />
    <pinmap designator="5" footprintpin="5" />
    <text name="Datasheet" originx="0" originy="0" style="Default" rotation="0" justify="" flipped="False" hidden="True" data="https://www3.panasonic.biz/ac/e/uacs/download/index.jsp?c=vehicle_download" />
    <text name="Description" originx="0" originy="0" style="Default" rotation="0" justify="" flipped="False" hidden="True" data="PANASONIC ELECTRIC WORKS - CP1-12V - RELAY, AUTOMOTIVE, SPDT, 14VDC, 20A" />
    <text name="Mouser Part Number" originx="0" originy="0" style="Default" rotation="0" justify="" flipped="False" hidden="True" data="769-CP1-12V" />
    <text name="Mouser Price/Stock" originx="0" originy="0" style="Default" rotation="0" justify="" flipped="False" hidden="True" data="https://www.mouser.co.uk/ProductDetail/Panasonic-Industrial-Devices/CP1-12V?qs=mTeSeKeuVA7dPPafy7M16g%3D%3D" />
    <text name="Manufacturer_Name" originx="0" originy="0" style="Default" rotation="0" justify="" flipped="False" hidden="True" data="Panasonic" />
    <text name="Manufacturer_Part_Number" originx="850" originy="600" style="Default" rotation="0" justify="left" flipped="False" hidden="False" data="CP1-12V" />
  </component>
</quadcept_library>
