<?xml version="1.0" encoding="utf-8"?>
<!--/192675/1357958/2.50/11/2/Connector/-->
<quadcept_library>
  <setting unit="mil" />
  <textstyle name="Default" height="47.244094488189" strokewidth="7.8740157480315" charwidth="47.244094488189" />
  <textstyle name="Dimension" height="19.6850393700787" strokewidth="0" charwidth="19.6850393700787" />
  <textstyle name="H127W0635TH00762" height="50" strokewidth="3" charwidth="25" />
  <textstyle name="H15W15TH02" height="59.0551181102362" strokewidth="7.8740157480315" charwidth="59.0551181102362" />
  <padstyle name="c156.21_h104.14" surface="False" plated="True" isvia="False" nopaste="True" nomask="True" complex="False" holesize="41">
    <padshape layer="TOP" shape="round" width="61.499999999999" height="61.499999999999" />
    <padshape layer="TOP_SOLDER_MASK" shape="round" width="69.374015748031" height="69.374015748031" />
    <padshape layer="INNER" shape="round" width="61.499999999999" height="61.499999999999" />
    <padshape layer="BOTTOM" shape="round" width="61.499999999999" height="61.499999999999" />
    <padshape layer="BOTTOM_SOLDER_MASK" shape="round" width="69.374015748031" height="69.374015748031" />
  </padstyle>
  <padstyle name="c487.68_h325.12" surface="False" plated="True" isvia="False" nopaste="True" nomask="True" complex="False" holesize="128">
    <padshape layer="TOP" shape="round" width="192" height="192" />
    <padshape layer="TOP_SOLDER_MASK" shape="round" width="199.87401574803" height="199.87401574803" />
    <padshape layer="INNER" shape="round" width="192" height="192" />
    <padshape layer="BOTTOM" shape="round" width="192" height="192" />
    <padshape layer="BOTTOM_SOLDER_MASK" shape="round" width="199.87401574803" height="199.87401574803" />
  </padstyle>
  <footprint name="57478446" originx="0" originy="0" pickpointx="0" pickpointy="0">
    <pcbpin number="1" name="1" style="c156.21_h104.14" originx="215.9842519685" originy="289.13385826771" rotation="90" />
    <pcbpin number="2" name="2" style="c156.21_h104.14" originx="107.99212598425" originy="289.13385826771" rotation="90" />
    <pcbpin number="3" name="3" style="c156.21_h104.14" originx="0" originy="289.13385826771" rotation="90" />
    <pcbpin number="4" name="4" style="c156.21_h104.14" originx="-107.99212598425" originy="289.13385826771" rotation="90" />
    <pcbpin number="5" name="5" style="c156.21_h104.14" originx="-215.9842519685" originy="289.13385826771" rotation="90" />
    <pcbpin number="6" name="6" style="c156.21_h104.14" originx="162.00787401575" originy="177.12598425197" rotation="90" />
    <pcbpin number="7" name="7" style="c156.21_h104.14" originx="54.015748031495" originy="177.12598425197" rotation="90" />
    <pcbpin number="8" name="8" style="c156.21_h104.14" originx="-54.015748031495" originy="177.12598425197" rotation="90" />
    <pcbpin number="9" name="9" style="c156.21_h104.14" originx="-162.00787401575" originy="177.12598425197" rotation="90" />
    <pcbpin number="10" name="10" style="c487.68_h325.12" originx="-492.00787401574" originy="233.11023622047" rotation="90" />
    <pcbpin number="11" name="11" style="c487.68_h325.12" originx="492.00787401574" originy="233.11023622047" rotation="90" />
    <line layer="TOP_ASSEMBLY" originx="-647.99212598424" originy="356.14173228346" endx="647.99212598424" endy="356.14173228346" width="7.8740157480314" />
    <line layer="TOP_ASSEMBLY" originx="647.99212598424" originy="356.14173228346" endx="647.99212598424" endy="-140.86614173228" width="7.8740157480314" />
    <line layer="TOP_ASSEMBLY" originx="647.99212598424" originy="-140.86614173228" endx="-647.99212598424" endy="-140.86614173228" width="7.8740157480314" />
    <line layer="TOP_ASSEMBLY" originx="-647.99212598424" originy="-140.86614173228" endx="-647.99212598424" endy="356.14173228346" width="7.8740157480314" />
    <line layer="TOP_SILKSCREEN" originx="-647.99212598424" originy="356.14173228346" endx="647.99212598424" endy="356.14173228346" width="3.9370078740157" />
    <line layer="TOP_SILKSCREEN" originx="647.99212598424" originy="356.14173228346" endx="647.99212598424" endy="-140.86614173228" width="3.9370078740157" />
    <line layer="TOP_SILKSCREEN" originx="647.99212598424" originy="-140.86614173228" endx="-647.99212598424" endy="-140.86614173228" width="3.9370078740157" />
    <line layer="TOP_SILKSCREEN" originx="-647.99212598424" originy="-140.86614173228" endx="-647.99212598424" endy="356.14173228346" width="3.9370078740157" />
    <line layer="TOP_PLACE_BOUND" originx="-687.3622047244" originy="423.22834645669" endx="687.3622047244" endy="423.22834645669" width="3.9370078740157" />
    <line layer="TOP_PLACE_BOUND" originx="687.3622047244" originy="423.22834645669" endx="687.3622047244" endy="-423.22834645669" width="3.9370078740157" />
    <line layer="TOP_PLACE_BOUND" originx="687.3622047244" originy="-423.22834645669" endx="-687.3622047244" endy="-423.22834645669" width="3.9370078740157" />
    <line layer="TOP_PLACE_BOUND" originx="-687.3622047244" originy="-423.22834645669" endx="-687.3622047244" endy="423.22834645669" width="3.9370078740157" />
    <line layer="TOP_ASSEMBLY" originx="-321.49606299212" originy="-140.86614173228" endx="-321.49606299212" endy="-383.85826771653" width="7.8740157480314" />
    <line layer="TOP_ASSEMBLY" originx="-321.49606299212" originy="-383.85826771653" endx="321.49606299212" endy="-383.85826771653" width="7.8740157480314" />
    <line layer="TOP_ASSEMBLY" originx="321.49606299212" originy="-383.85826771653" endx="321.49606299212" endy="-140.86614173228" width="7.8740157480314" />
    <line layer="TOP_SILKSCREEN" originx="-321.49606299212" originy="-140.86614173228" endx="-321.49606299212" endy="-383.85826771653" width="3.9370078740157" />
    <line layer="TOP_SILKSCREEN" originx="-321.49606299212" originy="-383.85826771653" endx="321.49606299212" endy="-383.85826771653" width="3.9370078740157" />
    <line layer="TOP_SILKSCREEN" originx="321.49606299212" originy="-383.85826771653" endx="321.49606299212" endy="-140.86614173228" width="3.9370078740157" />
    <line layer="TOP_SILKSCREEN" originx="212.59842519685" originy="379.92125984252" endx="212.59842519685" endy="379.92125984252" width="7.8740157480314" />
    <arc layer="TOP_SILKSCREEN" originx="216.53543307086" originy="379.92125984252" startangle="180.0" sweepangle="-180.0" radius="3.9370078740157" width="7.8740157480314" />
    <line layer="TOP_SILKSCREEN" originx="220.47244094488" originy="379.92125984252" endx="220.47244094488" endy="379.92125984252" width="7.8740157480314" />
    <arc layer="TOP_SILKSCREEN" originx="216.53543307086" originy="379.92125984252" startangle=".0" sweepangle="-180.0" radius="3.9370078740157" width="7.8740157480314" />
  </footprint>
  <symbol name="5747844-6" originx="0" originy="0">
    <line originx="200" originy="300" endx="800" endy="300" width="0" />
    <line originx="800" originy="-300" endx="800" endy="300" width="0" />
    <line originx="800" originy="-300" endx="200" endy="-300" width="0" />
    <line originx="200" originy="300" endx="200" endy="-300" width="0" />
    <sympin number="1" originx="700" originy="300" rotation="90" length="100" width="7.8740157480315" flipped="False">
      <text name="pinname" originx="700" originy="270" style="Default" rotation="0" justify="right" flipped="False" hidden="False" data="1" />
      <text name="pindes" originx="680" originy="360" style="Default" rotation="0" justify="lowerleft" flipped="False" hidden="False" data="1" />
    </sympin>
    <sympin number="2" originx="600" originy="300" rotation="90" length="100" width="7.8740157480315" flipped="False">
      <text name="pinname" originx="600" originy="270" style="Default" rotation="0" justify="right" flipped="False" hidden="False" data="2" />
      <text name="pindes" originx="580" originy="360" style="Default" rotation="0" justify="lowerleft" flipped="False" hidden="False" data="2" />
    </sympin>
    <sympin number="3" originx="500" originy="300" rotation="90" length="100" width="7.8740157480315" flipped="False">
      <text name="pinname" originx="500" originy="270" style="Default" rotation="0" justify="right" flipped="False" hidden="False" data="3" />
      <text name="pindes" originx="480" originy="360" style="Default" rotation="0" justify="lowerleft" flipped="False" hidden="False" data="3" />
    </sympin>
    <sympin number="4" originx="400" originy="300" rotation="90" length="100" width="7.8740157480315" flipped="False">
      <text name="pinname" originx="400" originy="270" style="Default" rotation="0" justify="right" flipped="False" hidden="False" data="4" />
      <text name="pindes" originx="380" originy="360" style="Default" rotation="0" justify="lowerleft" flipped="False" hidden="False" data="4" />
    </sympin>
    <sympin number="5" originx="300" originy="300" rotation="90" length="100" width="7.8740157480315" flipped="False">
      <text name="pinname" originx="300" originy="270" style="Default" rotation="0" justify="right" flipped="False" hidden="False" data="5" />
      <text name="pindes" originx="280" originy="360" style="Default" rotation="0" justify="lowerleft" flipped="False" hidden="False" data="5" />
    </sympin>
    <sympin number="6" originx="600" originy="-300" rotation="270" length="100" width="7.8740157480315" flipped="False">
      <text name="pinname" originx="600" originy="-270" style="Default" rotation="0" justify="left" flipped="False" hidden="False" data="6" />
      <text name="pindes" originx="580" originy="-360" style="Default" rotation="0" justify="lowerright" flipped="False" hidden="False" data="6" />
    </sympin>
    <sympin number="7" originx="500" originy="-300" rotation="270" length="100" width="7.8740157480315" flipped="False">
      <text name="pinname" originx="500" originy="-270" style="Default" rotation="0" justify="left" flipped="False" hidden="False" data="7" />
      <text name="pindes" originx="480" originy="-360" style="Default" rotation="0" justify="lowerright" flipped="False" hidden="False" data="7" />
    </sympin>
    <sympin number="8" originx="400" originy="-300" rotation="270" length="100" width="7.8740157480315" flipped="False">
      <text name="pinname" originx="400" originy="-270" style="Default" rotation="0" justify="left" flipped="False" hidden="False" data="8" />
      <text name="pindes" originx="380" originy="-360" style="Default" rotation="0" justify="lowerright" flipped="False" hidden="False" data="8" />
    </sympin>
    <sympin number="9" originx="300" originy="-300" rotation="270" length="100" width="7.8740157480315" flipped="False">
      <text name="pinname" originx="300" originy="-270" style="Default" rotation="0" justify="left" flipped="False" hidden="False" data="9" />
      <text name="pindes" originx="280" originy="-360" style="Default" rotation="0" justify="lowerright" flipped="False" hidden="False" data="9" />
    </sympin>
    <sympin number="10" originx="200" originy="0" rotation="180" length="100" width="7.8740157480315" flipped="False">
      <text name="pinname" originx="230" originy="0" style="Default" rotation="0" justify="left" flipped="False" hidden="False" data="10" />
      <text name="pindes" originx="140" originy="20" style="Default" rotation="0" justify="lowerright" flipped="False" hidden="False" data="10" />
    </sympin>
    <sympin number="11" originx="800" originy="0" rotation="0" length="100" width="7.8740157480315" flipped="False">
      <text name="pinname" originx="770" originy="0" style="Default" rotation="0" justify="right" flipped="False" hidden="False" data="11" />
      <text name="pindes" originx="860" originy="20" style="Default" rotation="0" justify="lowerleft" flipped="False" hidden="False" data="11" />
    </sympin>
  </symbol>
  <component name="5747844-6" designatorprefix="J" height="472.44094488188" footprint="57478446">
    <comppin designator="1" sympin="1" pinswap="0" gateswap="0" gate="1" group="1" side="" type="Any" name="1" />
    <comppin designator="2" sympin="2" pinswap="0" gateswap="0" gate="1" group="1" side="" type="Any" name="2" />
    <comppin designator="3" sympin="3" pinswap="0" gateswap="0" gate="1" group="1" side="" type="Any" name="3" />
    <comppin designator="4" sympin="4" pinswap="0" gateswap="0" gate="1" group="1" side="" type="Any" name="4" />
    <comppin designator="5" sympin="5" pinswap="0" gateswap="0" gate="1" group="1" side="" type="Any" name="5" />
    <comppin designator="6" sympin="6" pinswap="0" gateswap="0" gate="1" group="1" side="" type="Any" name="6" />
    <comppin designator="7" sympin="7" pinswap="0" gateswap="0" gate="1" group="1" side="" type="Any" name="7" />
    <comppin designator="8" sympin="8" pinswap="0" gateswap="0" gate="1" group="1" side="" type="Any" name="8" />
    <comppin designator="9" sympin="9" pinswap="0" gateswap="0" gate="1" group="1" side="" type="Any" name="9" />
    <comppin designator="10" sympin="10" pinswap="0" gateswap="0" gate="1" group="1" side="" type="Any" name="10" />
    <comppin designator="11" sympin="11" pinswap="0" gateswap="0" gate="1" group="1" side="" type="Any" name="11" />
    <attached_symbol gate="1" name="5747844-6" />
    <pinmap designator="1" footprintpin="1" />
    <pinmap designator="2" footprintpin="2" />
    <pinmap designator="3" footprintpin="3" />
    <pinmap designator="4" footprintpin="4" />
    <pinmap designator="5" footprintpin="5" />
    <pinmap designator="6" footprintpin="6" />
    <pinmap designator="7" footprintpin="7" />
    <pinmap designator="8" footprintpin="8" />
    <pinmap designator="9" footprintpin="9" />
    <pinmap designator="10" footprintpin="10" />
    <pinmap designator="11" footprintpin="11" />
    <text name="Datasheet" originx="0" originy="0" style="Default" rotation="0" justify="" flipped="False" hidden="True" data="https://www.te.com/commerce/DocumentDelivery/DDEController?Action=srchrtrv&amp;DocNm=82068_AMPLIMITE_Right-Angle_Posted_Conn&amp;DocType=Catalog Section&amp;DocLang=English&amp;PartCntxt=5747844-6&amp;DocFormat=pdf" />
    <text name="Description" originx="0" originy="0" style="Default" rotation="0" justify="" flipped="False" hidden="True" data="Body Features: Connector Profile Standard | Mating Feature Material Zinc | Assembly Process Feature Material Copper Alloy | Mating Feature Plating Material Clear Chromate | Primary Product Color Black | Shell Plating Material Tin | Insert Material Zinc | Configuration Features: Number of Rows 2 | Number of Positions 9 | PCB Mount Orientation Right Angle | Contact Features: Contact Base Material Phosphor Bronze | Contact Mating Area Plating Material Thickness 30 MICIN | Contact Mating Area Plating Material G" />
    <text name="Mouser Part Number" originx="0" originy="0" style="Default" rotation="0" justify="" flipped="False" hidden="True" data="571-5747844-6" />
    <text name="Mouser Price/Stock" originx="0" originy="0" style="Default" rotation="0" justify="" flipped="False" hidden="True" data="https://www.mouser.co.uk/ProductDetail/TE-Connectivity/5747844-6?qs=x6EjVpvqMVNBaI3EeeZZVw%3D%3D" />
    <text name="Manufacturer_Name" originx="0" originy="0" style="Default" rotation="0" justify="" flipped="False" hidden="True" data="TE Connectivity" />
    <text name="Manufacturer_Part_Number" originx="850" originy="400" style="Default" rotation="0" justify="left" flipped="False" hidden="False" data="5747844-6" />
  </component>
</quadcept_library>
