<?xml version="1.0" encoding="utf-8"?>
<!--/289911/1111053/2.50/10/3/Relay or Contactor/-->
<quadcept_library>
  <setting unit="mil" />
  <textstyle name="Default" height="47.244094488189" strokewidth="7.8740157480315" charwidth="47.244094488189" />
  <textstyle name="Dimension" height="19.6850393700787" strokewidth="0" charwidth="19.6850393700787" />
  <textstyle name="H127W0635TH00762" height="50" strokewidth="3" charwidth="25" />
  <textstyle name="H15W15TH02" height="59.0551181102362" strokewidth="7.8740157480315" charwidth="59.0551181102362" />
  <padstyle name="c150_h100" surface="False" plated="True" isvia="False" nopaste="True" nomask="True" complex="False" holesize="39.370078740157">
    <padshape layer="TOP" shape="round" width="59.055118110235" height="59.055118110235" />
    <padshape layer="TOP_SOLDER_MASK" shape="round" width="66.929133858267" height="66.929133858267" />
    <padshape layer="INNER" shape="round" width="59.055118110235" height="59.055118110235" />
    <padshape layer="BOTTOM" shape="round" width="59.055118110235" height="59.055118110235" />
    <padshape layer="BOTTOM_SOLDER_MASK" shape="round" width="66.929133858267" height="66.929133858267" />
  </padstyle>
  <padstyle name="s150_h100" surface="False" plated="True" isvia="False" nopaste="True" nomask="True" complex="False" holesize="39.370078740157">
    <padshape layer="TOP" shape="square" width="59.055118110235" height="59.055118110235" />
    <padshape layer="TOP_SOLDER_MASK" shape="square" width="66.929133858267" height="66.929133858267" />
    <padshape layer="INNER" shape="square" width="59.055118110235" height="59.055118110235" />
    <padshape layer="BOTTOM" shape="square" width="59.055118110235" height="59.055118110235" />
    <padshape layer="BOTTOM_SOLDER_MASK" shape="square" width="66.929133858267" height="66.929133858267" />
  </padstyle>
  <footprint name="V23079B1201B301" originx="0" originy="0" pickpointx="0" pickpointy="0">
    <pcbpin number="1" name="1" style="s150_h100" originx="0" originy="0" rotation="90" />
    <pcbpin number="2" name="3" style="c150_h100" originx="200" originy="0" rotation="90" />
    <pcbpin number="3" name="4" style="c150_h100" originx="300" originy="0" rotation="90" />
    <pcbpin number="4" name="5" style="c150_h100" originx="400" originy="0" rotation="90" />
    <pcbpin number="5" name="6" style="c150_h100" originx="499.99999999999" originy="0" rotation="90" />
    <pcbpin number="6" name="7" style="c150_h100" originx="499.99999999999" originy="200" rotation="90" />
    <pcbpin number="7" name="8" style="c150_h100" originx="400" originy="200" rotation="90" />
    <pcbpin number="8" name="9" style="c150_h100" originx="300" originy="200" rotation="90" />
    <pcbpin number="9" name="10" style="c150_h100" originx="200" originy="200" rotation="90" />
    <pcbpin number="10" name="12" style="c150_h100" originx="0" originy="200" rotation="90" />
    <line layer="TOP_ASSEMBLY" originx="-37.401574803149" originy="-41.732283464566" endx="533.46456692913" endy="-41.732283464566" width="3.9370078740157" />
    <line layer="TOP_ASSEMBLY" originx="533.46456692913" originy="-41.732283464566" endx="533.46456692913" endy="241.73228346456" width="3.9370078740157" />
    <line layer="TOP_ASSEMBLY" originx="533.46456692913" originy="241.73228346456" endx="-37.401574803149" endy="241.73228346456" width="3.9370078740157" />
    <line layer="TOP_ASSEMBLY" originx="-37.401574803149" originy="241.73228346456" endx="-37.401574803149" endy="-41.732283464566" width="3.9370078740157" />
    <line layer="TOP_PLACE_BOUND" originx="-76.771653543306" originy="281.10236220472" endx="572.83464566928" endy="281.10236220472" width="3.9370078740157" />
    <line layer="TOP_PLACE_BOUND" originx="572.83464566928" originy="281.10236220472" endx="572.83464566928" endy="-81.102362204723" width="3.9370078740157" />
    <line layer="TOP_PLACE_BOUND" originx="572.83464566928" originy="-81.102362204723" endx="-76.771653543306" endy="-81.102362204723" width="3.9370078740157" />
    <line layer="TOP_PLACE_BOUND" originx="-76.771653543306" originy="-81.102362204723" endx="-76.771653543306" endy="281.10236220472" width="3.9370078740157" />
    <line layer="TOP_SILKSCREEN" originx="39.370078740157" originy="-41.732283464566" endx="157.48031496063" endy="-41.732283464566" width="7.8740157480314" />
    <line layer="TOP_SILKSCREEN" originx="39.370078740157" originy="241.73228346456" endx="157.48031496063" endy="241.73228346456" width="7.8740157480314" />
    <line layer="TOP_SILKSCREEN" originx="533.46456692913" originy="39.370078740157" endx="533.46456692913" endy="157.48031496063" width="7.8740157480314" />
    <line layer="TOP_SILKSCREEN" originx="-37.401574803149" originy="157.48031496063" endx="-37.401574803149" endy="39.370078740157" width="7.8740157480314" />
    <line layer="TOP_SILKSCREEN" originx="-59.055118110235" originy="0" endx="-59.055118110235" endy="0" width="3.9370078740157" />
    <arc layer="TOP_SILKSCREEN" originx="-57.086614173228" originy="0" startangle="180.0" sweepangle="180.0" radius="1.9685039370079" width="3.9370078740157" />
    <line layer="TOP_SILKSCREEN" originx="-55.11811023622" originy="0" endx="-55.11811023622" endy="0" width="3.9370078740157" />
    <arc layer="TOP_SILKSCREEN" originx="-57.086614173228" originy="0" startangle=".0" sweepangle="180.0" radius="1.9685039370079" width="3.9370078740157" />
  </footprint>
  <symbol name="V23079B1201B301" originx="0" originy="0">
    <line originx="200" originy="100" endx="1200" endy="100" width="0" />
    <line originx="1200" originy="-500" endx="1200" endy="100" width="0" />
    <line originx="1200" originy="-500" endx="200" endy="-500" width="0" />
    <line originx="200" originy="100" endx="200" endy="-500" width="0" />
    <sympin number="1" originx="200" originy="0" rotation="180" length="100" width="7.8740157480315" flipped="False">
      <text name="pinname" originx="230" originy="0" style="Default" rotation="0" justify="left" flipped="False" hidden="False" data="COIL+_1" />
      <text name="pindes" originx="140" originy="20" style="Default" rotation="0" justify="lowerright" flipped="False" hidden="False" data="1" />
    </sympin>
    <sympin number="3" originx="200" originy="-100" rotation="180" length="100" width="7.8740157480315" flipped="False">
      <text name="pinname" originx="230" originy="-100" style="Default" rotation="0" justify="left" flipped="False" hidden="False" data="NC_1" />
      <text name="pindes" originx="140" originy="-80" style="Default" rotation="0" justify="lowerright" flipped="False" hidden="False" data="3" />
    </sympin>
    <sympin number="4" originx="200" originy="-200" rotation="180" length="100" width="7.8740157480315" flipped="False">
      <text name="pinname" originx="230" originy="-200" style="Default" rotation="0" justify="left" flipped="False" hidden="False" data="COM_1" />
      <text name="pindes" originx="140" originy="-180" style="Default" rotation="0" justify="lowerright" flipped="False" hidden="False" data="4" />
    </sympin>
    <sympin number="5" originx="200" originy="-300" rotation="180" length="100" width="7.8740157480315" flipped="False">
      <text name="pinname" originx="230" originy="-300" style="Default" rotation="0" justify="left" flipped="False" hidden="False" data="NO_1" />
      <text name="pindes" originx="140" originy="-280" style="Default" rotation="0" justify="lowerright" flipped="False" hidden="False" data="5" />
    </sympin>
    <sympin number="6" originx="200" originy="-400" rotation="180" length="100" width="7.8740157480315" flipped="False">
      <text name="pinname" originx="230" originy="-400" style="Default" rotation="0" justify="left" flipped="False" hidden="False" data="COIL-_1" />
      <text name="pindes" originx="140" originy="-380" style="Default" rotation="0" justify="lowerright" flipped="False" hidden="False" data="6" />
    </sympin>
    <sympin number="7" originx="1200" originy="-400" rotation="0" length="100" width="7.8740157480315" flipped="False">
      <text name="pinname" originx="1170" originy="-400" style="Default" rotation="0" justify="right" flipped="False" hidden="False" data="COIL+_2" />
      <text name="pindes" originx="1260" originy="-380" style="Default" rotation="0" justify="lowerleft" flipped="False" hidden="False" data="7" />
    </sympin>
    <sympin number="8" originx="1200" originy="-300" rotation="0" length="100" width="7.8740157480315" flipped="False">
      <text name="pinname" originx="1170" originy="-300" style="Default" rotation="0" justify="right" flipped="False" hidden="False" data="NO_2" />
      <text name="pindes" originx="1260" originy="-280" style="Default" rotation="0" justify="lowerleft" flipped="False" hidden="False" data="8" />
    </sympin>
    <sympin number="9" originx="1200" originy="-200" rotation="0" length="100" width="7.8740157480315" flipped="False">
      <text name="pinname" originx="1170" originy="-200" style="Default" rotation="0" justify="right" flipped="False" hidden="False" data="COM_2" />
      <text name="pindes" originx="1260" originy="-180" style="Default" rotation="0" justify="lowerleft" flipped="False" hidden="False" data="9" />
    </sympin>
    <sympin number="10" originx="1200" originy="-100" rotation="0" length="100" width="7.8740157480315" flipped="False">
      <text name="pinname" originx="1170" originy="-100" style="Default" rotation="0" justify="right" flipped="False" hidden="False" data="NC_2" />
      <text name="pindes" originx="1260" originy="-80" style="Default" rotation="0" justify="lowerleft" flipped="False" hidden="False" data="10" />
    </sympin>
    <sympin number="12" originx="1200" originy="0" rotation="0" length="100" width="7.8740157480315" flipped="False">
      <text name="pinname" originx="1170" originy="0" style="Default" rotation="0" justify="right" flipped="False" hidden="False" data="COIL-_2" />
      <text name="pindes" originx="1260" originy="20" style="Default" rotation="0" justify="lowerleft" flipped="False" hidden="False" data="12" />
    </sympin>
  </symbol>
  <component name="V23079B1201B301" designatorprefix="K" height="389.76377952755" footprint="V23079B1201B301">
    <comppin designator="1" sympin="1" pinswap="0" gateswap="0" gate="1" group="1" side="" type="Any" name="COIL+_1" />
    <comppin designator="3" sympin="3" pinswap="0" gateswap="0" gate="1" group="1" side="" type="Any" name="NC_1" />
    <comppin designator="4" sympin="4" pinswap="0" gateswap="0" gate="1" group="1" side="" type="Any" name="COM_1" />
    <comppin designator="5" sympin="5" pinswap="0" gateswap="0" gate="1" group="1" side="" type="Any" name="NO_1" />
    <comppin designator="6" sympin="6" pinswap="0" gateswap="0" gate="1" group="1" side="" type="Any" name="COIL-_1" />
    <comppin designator="7" sympin="7" pinswap="0" gateswap="0" gate="1" group="1" side="" type="Any" name="COIL+_2" />
    <comppin designator="8" sympin="8" pinswap="0" gateswap="0" gate="1" group="1" side="" type="Any" name="NO_2" />
    <comppin designator="9" sympin="9" pinswap="0" gateswap="0" gate="1" group="1" side="" type="Any" name="COM_2" />
    <comppin designator="10" sympin="10" pinswap="0" gateswap="0" gate="1" group="1" side="" type="Any" name="NC_2" />
    <comppin designator="12" sympin="12" pinswap="0" gateswap="0" gate="1" group="1" side="" type="Any" name="COIL-_2" />
    <attached_symbol gate="1" name="V23079B1201B301" />
    <pinmap designator="1" footprintpin="1" />
    <pinmap designator="3" footprintpin="2" />
    <pinmap designator="4" footprintpin="3" />
    <pinmap designator="5" footprintpin="4" />
    <pinmap designator="6" footprintpin="5" />
    <pinmap designator="7" footprintpin="6" />
    <pinmap designator="8" footprintpin="7" />
    <pinmap designator="9" footprintpin="8" />
    <pinmap designator="10" footprintpin="9" />
    <pinmap designator="12" footprintpin="10" />
    <text name="Datasheet" originx="0" originy="0" style="Default" rotation="0" justify="" flipped="False" hidden="True" data="https://www.te.com/commerce/DocumentDelivery/DDEController?Action=showdoc&amp;DocId=Data SheetP2_RelayZ14pdfEnglishENG_DS_P2_Relay_Z14.pdf3-1393788-3" />
    <text name="Description" originx="0" originy="0" style="Default" rotation="0" justify="" flipped="False" hidden="True" data="TE CONNECTIVITY / AXICOM - V23079B1201B301 - RELAY, SIGNAL, DPDT, 250VAC, 220VDC, 2A" />
    <text name="Mouser Part Number" originx="0" originy="0" style="Default" rotation="0" justify="" flipped="False" hidden="True" data="655-V23079B1201B301" />
    <text name="Mouser Price/Stock" originx="0" originy="0" style="Default" rotation="0" justify="" flipped="False" hidden="True" data="https://www.mouser.co.uk/ProductDetail/TE-Connectivity-Axicom/V23079B1201B301?qs=Mpp7pS3%252Boa448t%252ByTVqVnw%3D%3D" />
    <text name="Manufacturer_Name" originx="0" originy="0" style="Default" rotation="0" justify="" flipped="False" hidden="True" data="TE Connectivity" />
    <text name="Manufacturer_Part_Number" originx="1250" originy="200" style="Default" rotation="0" justify="left" flipped="False" hidden="False" data="V23079B1201B301" />
  </component>
</quadcept_library>
