<?xml version="1.0" encoding="utf-8"?>
<!--/1595615/1357958/2.50/6/3/Transformer/-->
<quadcept_library>
  <setting unit="mil" />
  <textstyle name="Default" height="47.244094488189" strokewidth="7.8740157480315" charwidth="47.244094488189" />
  <textstyle name="Dimension" height="19.6850393700787" strokewidth="0" charwidth="19.6850393700787" />
  <textstyle name="H127W0635TH00762" height="50" strokewidth="3" charwidth="25" />
  <textstyle name="H15W15TH02" height="59.0551181102362" strokewidth="7.8740157480315" charwidth="59.0551181102362" />
  <padstyle name="r155_105" surface="True" plated="False" isvia="False" nopaste="False" nomask="True" complex="False" holesize="0">
    <padshape layer="TOP" shape="rectangle" width="41.338582677165" height="61.023622047243" />
    <padshape layer="TOP_SOLDER_MASK" shape="rectangle" width="49.212598425196" height="68.897637795275" />
    <padshape layer="TOP_SOLDER_PASTE" shape="rectangle" width="41.338582677165" height="61.023622047243" />
  </padstyle>
  <footprint name="SOP254P927X572-6N" originx="0" originy="0" pickpointx="0" pickpointy="0">
    <pcbpin number="1" name="1" style="r155_105" originx="-170.27559055118" originy="99.999999999999" rotation="90" />
    <pcbpin number="2" name="2" style="r155_105" originx="-170.27559055118" originy="0" rotation="90" />
    <pcbpin number="3" name="3" style="r155_105" originx="-170.27559055118" originy="-99.999999999999" rotation="90" />
    <pcbpin number="4" name="4" style="r155_105" originx="170.27559055118" originy="-99.999999999999" rotation="90" />
    <pcbpin number="5" name="5" style="r155_105" originx="170.27559055118" originy="0" rotation="90" />
    <pcbpin number="6" name="6" style="r155_105" originx="170.27559055118" originy="99.999999999999" rotation="90" />
    <line layer="TOP_PLACE_BOUND" originx="-210.62992125984" originy="164.76377952756" endx="210.62992125984" endy="164.76377952756" width="1.9685039370079" />
    <line layer="TOP_PLACE_BOUND" originx="210.62992125984" originy="164.76377952756" endx="210.62992125984" endy="-164.76377952756" width="1.9685039370079" />
    <line layer="TOP_PLACE_BOUND" originx="210.62992125984" originy="-164.76377952756" endx="-210.62992125984" endy="-164.76377952756" width="1.9685039370079" />
    <line layer="TOP_PLACE_BOUND" originx="-210.62992125984" originy="-164.76377952756" endx="-210.62992125984" endy="164.76377952756" width="1.9685039370079" />
    <line layer="TOP_ASSEMBLY" originx="-132.48031496063" originy="150" endx="132.48031496063" endy="150" width="3.9370078740157" />
    <line layer="TOP_ASSEMBLY" originx="132.48031496063" originy="150" endx="132.48031496063" endy="-150" width="3.9370078740157" />
    <line layer="TOP_ASSEMBLY" originx="132.48031496063" originy="-150" endx="-132.48031496063" endy="-150" width="3.9370078740157" />
    <line layer="TOP_ASSEMBLY" originx="-132.48031496063" originy="-150" endx="-132.48031496063" endy="150" width="3.9370078740157" />
    <line layer="TOP_ASSEMBLY" originx="-132.48031496063" originy="49.999999999999" endx="-32.48031496063" endy="150" width="3.9370078740157" />
    <line layer="TOP_SILKSCREEN" originx="-125.9842519685" originy="150" endx="125.9842519685" endy="150" width="7.8740157480314" />
    <line layer="TOP_SILKSCREEN" originx="125.9842519685" originy="150" endx="125.9842519685" endy="-150" width="7.8740157480314" />
    <line layer="TOP_SILKSCREEN" originx="125.9842519685" originy="-150" endx="-125.9842519685" endy="-150" width="7.8740157480314" />
    <line layer="TOP_SILKSCREEN" originx="-125.9842519685" originy="-150" endx="-125.9842519685" endy="150" width="7.8740157480314" />
    <line layer="TOP_SILKSCREEN" originx="-200.7874015748" originy="134.44881889764" endx="-139.76377952756" endy="134.44881889764" width="7.8740157480314" />
  </footprint>
  <symbol name="SM91502ALE" originx="0" originy="0">
    <line originx="200" originy="100" endx="1000" endy="100" width="0" />
    <line originx="1000" originy="-300" endx="1000" endy="100" width="0" />
    <line originx="1000" originy="-300" endx="200" endy="-300" width="0" />
    <line originx="200" originy="100" endx="200" endy="-300" width="0" />
    <sympin number="1" originx="200" originy="0" rotation="180" length="100" width="7.8740157480315" flipped="False">
      <text name="pinname" originx="230" originy="0" style="Default" rotation="0" justify="left" flipped="False" hidden="False" data="PRI_1" />
      <text name="pindes" originx="140" originy="20" style="Default" rotation="0" justify="lowerright" flipped="False" hidden="False" data="1" />
    </sympin>
    <sympin number="2" originx="200" originy="-100" rotation="180" length="100" width="7.8740157480315" flipped="False">
      <text name="pinname" originx="230" originy="-100" style="Default" rotation="0" justify="left" flipped="False" hidden="False" data="PRI_2" />
      <text name="pindes" originx="140" originy="-80" style="Default" rotation="0" justify="lowerright" flipped="False" hidden="False" data="2" />
    </sympin>
    <sympin number="3" originx="200" originy="-200" rotation="180" length="100" width="7.8740157480315" flipped="False">
      <text name="pinname" originx="230" originy="-200" style="Default" rotation="0" justify="left" flipped="False" hidden="False" data="PRI_3" />
      <text name="pindes" originx="140" originy="-180" style="Default" rotation="0" justify="lowerright" flipped="False" hidden="False" data="3" />
    </sympin>
    <sympin number="6" originx="1000" originy="0" rotation="0" length="100" width="7.8740157480315" flipped="False">
      <text name="pinname" originx="970" originy="0" style="Default" rotation="0" justify="right" flipped="False" hidden="False" data="SEC_3" />
      <text name="pindes" originx="1060" originy="20" style="Default" rotation="0" justify="lowerleft" flipped="False" hidden="False" data="6" />
    </sympin>
    <sympin number="5" originx="1000" originy="-100" rotation="0" length="100" width="7.8740157480315" flipped="False">
      <text name="pinname" originx="970" originy="-100" style="Default" rotation="0" justify="right" flipped="False" hidden="False" data="SEC_2" />
      <text name="pindes" originx="1060" originy="-80" style="Default" rotation="0" justify="lowerleft" flipped="False" hidden="False" data="5" />
    </sympin>
    <sympin number="4" originx="1000" originy="-200" rotation="0" length="100" width="7.8740157480315" flipped="False">
      <text name="pinname" originx="970" originy="-200" style="Default" rotation="0" justify="right" flipped="False" hidden="False" data="SEC_1" />
      <text name="pindes" originx="1060" originy="-180" style="Default" rotation="0" justify="lowerleft" flipped="False" hidden="False" data="4" />
    </sympin>
  </symbol>
  <component name="SM91502ALE" designatorprefix="T" height="225.1968503937" footprint="SOP254P927X572-6N">
    <comppin designator="1" sympin="1" pinswap="0" gateswap="0" gate="1" group="1" side="" type="Any" name="PRI_1" />
    <comppin designator="2" sympin="2" pinswap="0" gateswap="0" gate="1" group="1" side="" type="Any" name="PRI_2" />
    <comppin designator="3" sympin="3" pinswap="0" gateswap="0" gate="1" group="1" side="" type="Any" name="PRI_3" />
    <comppin designator="4" sympin="4" pinswap="0" gateswap="0" gate="1" group="1" side="" type="Any" name="SEC_1" />
    <comppin designator="5" sympin="5" pinswap="0" gateswap="0" gate="1" group="1" side="" type="Any" name="SEC_2" />
    <comppin designator="6" sympin="6" pinswap="0" gateswap="0" gate="1" group="1" side="" type="Any" name="SEC_3" />
    <attached_symbol gate="1" name="SM91502ALE" />
    <pinmap designator="1" footprintpin="1" />
    <pinmap designator="2" footprintpin="2" />
    <pinmap designator="3" footprintpin="3" />
    <pinmap designator="4" footprintpin="4" />
    <pinmap designator="5" footprintpin="5" />
    <pinmap designator="6" footprintpin="6" />
    <text name="Datasheet" originx="0" originy="0" style="Default" rotation="0" justify="" flipped="False" hidden="True" data="https://www.bourns.com/docs/product-datasheets/SM91502AL.pdf" />
    <text name="Description" originx="0" originy="0" style="Default" rotation="0" justify="" flipped="False" hidden="True" data="Surface Mount PCB Transformer" />
    <text name="Mouser Part Number" originx="0" originy="0" style="Default" rotation="0" justify="" flipped="False" hidden="True" data="652-SM91502ALE" />
    <text name="Mouser Price/Stock" originx="0" originy="0" style="Default" rotation="0" justify="" flipped="False" hidden="True" data="https://www.mouser.co.uk/ProductDetail/Bourns/SM91502ALE?qs=qSfuJ%252Bfl%2Fd5OMMG8eLgKCQ%3D%3D" />
    <text name="Manufacturer_Name" originx="0" originy="0" style="Default" rotation="0" justify="" flipped="False" hidden="True" data="Bourns" />
    <text name="Manufacturer_Part_Number" originx="1050" originy="200" style="Default" rotation="0" justify="left" flipped="False" hidden="False" data="SM91502ALE" />
  </component>
</quadcept_library>
