<?xml version="1.0" encoding="utf-8"?>
<!--/404487/663195/2.49/2/4/Zener Diode/-->
<quadcept_library>
  <setting unit="mil" />
  <textstyle name="Default" height="47.244094488189" strokewidth="7.8740157480315" charwidth="47.244094488189" />
  <textstyle name="Dimension" height="19.6850393700787" strokewidth="0" charwidth="19.6850393700787" />
  <textstyle name="H127W0635TH00762" height="50" strokewidth="3" charwidth="25" />
  <textstyle name="H15W15TH02" height="59.0551181102362" strokewidth="7.8740157480315" charwidth="59.0551181102362" />
  <padstyle name="r200_125" surface="True" plated="False" isvia="False" nopaste="False" nomask="True" complex="False" holesize="0">
    <padshape layer="TOP" shape="rectangle" width="49.212598425196" height="78.740157480314" />
    <padshape layer="TOP_SOLDER_MASK" shape="rectangle" width="57.086614173228" height="86.614173228345" />
    <padshape layer="TOP_SOLDER_PASTE" shape="rectangle" width="49.212598425196" height="78.740157480314" />
  </padstyle>
  <footprint name="BAQ33GS08" originx="0" originy="0" pickpointx="0" pickpointy="0">
    <pcbpin number="1" name="1" style="r200_125" originx="-73.818897637794" originy="0" rotation="0" />
    <pcbpin number="2" name="2" style="r200_125" originx="73.818897637794" originy="0" rotation="0" />
    <line layer="TOP_ASSEMBLY" originx="-68.897637795275" originy="-29.527559055118" endx="68.897637795275" endy="-29.527559055118" width="7.8740157480314" />
    <line layer="TOP_ASSEMBLY" originx="68.897637795275" originy="-29.527559055118" endx="68.897637795275" endy="29.527559055118" width="7.8740157480314" />
    <line layer="TOP_ASSEMBLY" originx="68.897637795275" originy="29.527559055118" endx="-68.897637795275" endy="29.527559055118" width="7.8740157480314" />
    <line layer="TOP_ASSEMBLY" originx="-68.897637795275" originy="29.527559055118" endx="-68.897637795275" endy="-29.527559055118" width="7.8740157480314" />
    <line layer="TOP_PLACE_BOUND" originx="-137.79527559055" originy="78.740157480314" endx="137.79527559055" endy="78.740157480314" width="3.9370078740157" />
    <line layer="TOP_PLACE_BOUND" originx="137.79527559055" originy="78.740157480314" endx="137.79527559055" endy="-78.740157480314" width="3.9370078740157" />
    <line layer="TOP_PLACE_BOUND" originx="137.79527559055" originy="-78.740157480314" endx="-137.79527559055" endy="-78.740157480314" width="3.9370078740157" />
    <line layer="TOP_PLACE_BOUND" originx="-137.79527559055" originy="-78.740157480314" endx="-137.79527559055" endy="78.740157480314" width="3.9370078740157" />
    <line layer="TOP_SILKSCREEN" originx="-29.527559055118" originy="29.527559055118" endx="29.527559055118" endy="29.527559055118" width="3.9370078740157" />
    <line layer="TOP_SILKSCREEN" originx="-29.527559055118" originy="-29.527559055118" endx="29.527559055118" endy="-29.527559055118" width="3.9370078740157" />
    <line layer="TOP_ASSEMBLY" originx="-59.055118110235" originy="29.527559055118" endx="-59.055118110235" endy="-29.527559055118" width="3.9370078740157" />
    <line layer="TOP_SILKSCREEN" originx="-115.66929133858" originy="0" endx="-115.66929133858" endy="0" width="4.9212598425196" />
    <arc layer="TOP_SILKSCREEN" originx="-118.12992125984" originy="-0.019685039370079" startangle=".0" sweepangle="180.0" radius="2.4606299212598" width="4.9212598425196" />
    <line layer="TOP_SILKSCREEN" originx="-120.5905511811" originy="0" endx="-120.5905511811" endy="0" width="4.9212598425196" />
    <arc layer="TOP_SILKSCREEN" originx="-118.12992125984" originy="0.019685039370079" startangle="-180.0" sweepangle="180.0" radius="2.4606299212598" width="4.9212598425196" />
  </footprint>
  <symbol name="TZM5224B-GS08" originx="0" originy="0">
    <line originx="200" originy="80" endx="200" endy="-80" width="0" />
    <line originx="200" originy="80" endx="240" endy="100" width="0" />
    <line originx="160" originy="-100" endx="200" endy="-80" width="0" />
    <line originx="100" originy="0" endx="200" endy="0" width="0" />
    <line originx="500" originy="0" endx="400" endy="0" width="0" />
    <sympin number="1" originx="100" originy="0" rotation="180" length="100" width="7.8740157480315" flipped="False">
      <text name="pinname" originx="140" originy="10" style="Default" rotation="0" justify="left" flipped="False" hidden="True" data="K" />
      <text name="pindes" originx="60" originy="10" style="Default" rotation="0" justify="lowerright" flipped="False" hidden="False" data="1" />
    </sympin>
    <sympin number="2" originx="500" originy="0" rotation="0" length="100" width="7.8740157480315" flipped="False">
      <text name="pinname" originx="460" originy="10" style="Default" rotation="0" justify="right" flipped="False" hidden="True" data="A" />
      <text name="pindes" originx="540" originy="10" style="Default" rotation="0" justify="lowerleft" flipped="False" hidden="False" data="2" />
    </sympin>
    <polygon type="polygon">
      <point x="200" y="0" />
      <point x="400" y="100" />
      <point x="400" y="-100" />
    </polygon>
  </symbol>
  <component name="TZM5224B-GS08" designatorprefix="Z" height="62.992125984251" footprint="BAQ33GS08">
    <comppin designator="1" sympin="1" pinswap="0" gateswap="0" gate="1" group="1" side="" type="Any" name="K" />
    <comppin designator="2" sympin="2" pinswap="0" gateswap="0" gate="1" group="1" side="" type="Any" name="A" />
    <attached_symbol gate="1" name="TZM5224B-GS08" />
    <pinmap designator="1" footprintpin="1" />
    <pinmap designator="2" footprintpin="2" />
    <text name="Datasheet" originx="0" originy="0" style="Default" rotation="0" justify="" flipped="False" hidden="True" data="https://www.mouser.co.uk/datasheet/2/427/tzm5221-103146.pdf" />
    <text name="Description" originx="0" originy="0" style="Default" rotation="0" justify="" flipped="False" hidden="True" data="Vishay TZM5224B-GS08 Zener Diode, 2.8V 5% 500 mW SMT 2-Pin SOD-80" />
    <text name="Manufacturer_Name" originx="0" originy="0" style="Default" rotation="0" justify="" flipped="False" hidden="True" data="Vishay" />
    <text name="Manufacturer_Part_Number" originx="400" originy="250" style="Default" rotation="0" justify="left" flipped="False" hidden="False" data="TZM5224B-GS08" />
    <text name="Mouser Part Number" originx="0" originy="0" style="Default" rotation="0" justify="" flipped="False" hidden="True" data="78-TZM5224B" />
    <text name="Mouser Price/Stock" originx="0" originy="0" style="Default" rotation="0" justify="" flipped="False" hidden="True" data="https://www.mouser.co.uk/ProductDetail/Vishay-Semiconductors/TZM5224B-GS08?qs=25SNtymhSqPc9I2zbkn61Q%3D%3D" />
    <text name="Arrow Part Number" originx="0" originy="0" style="Default" rotation="0" justify="" flipped="False" hidden="True" data="" />
    <text name="Arrow Price/Stock" originx="0" originy="0" style="Default" rotation="0" justify="" flipped="False" hidden="True" data="" />
    <text name="Mouser Testing Part Number" originx="0" originy="0" style="Default" rotation="0" justify="" flipped="False" hidden="True" data="" />
    <text name="Mouser Testing Price/Stock" originx="0" originy="0" style="Default" rotation="0" justify="" flipped="False" hidden="True" data="" />
  </component>
</quadcept_library>
