<?xml version="1.0" encoding="utf-8"?>
<!--/12013561/663195/2.49/3/3/Connector/-->
<quadcept_library>
  <setting unit="mil" />
  <textstyle name="Default" height="47.244094488189" strokewidth="7.8740157480315" charwidth="47.244094488189" />
  <textstyle name="Dimension" height="19.6850393700787" strokewidth="0" charwidth="19.6850393700787" />
  <textstyle name="H127W0635TH00762" height="50" strokewidth="3" charwidth="25" />
  <textstyle name="H15W15TH02" height="59.0551181102362" strokewidth="7.8740157480315" charwidth="59.0551181102362" />
  <padstyle name="c160.5_h107" surface="False" plated="True" isvia="False" nopaste="True" nomask="True" complex="False" holesize="42.125984251968">
    <padshape layer="TOP" shape="round" width="63.188976377952" height="63.188976377952" />
    <padshape layer="TOP_SOLDER_MASK" shape="round" width="71.062992125983" height="71.062992125983" />
    <padshape layer="INNER" shape="round" width="63.188976377952" height="63.188976377952" />
    <padshape layer="BOTTOM" shape="round" width="63.188976377952" height="63.188976377952" />
    <padshape layer="BOTTOM_SOLDER_MASK" shape="round" width="71.062992125983" height="71.062992125983" />
  </padstyle>
  <footprint name="22122034" originx="0" originy="0" pickpointx="0" pickpointy="0">
    <pcbpin number="1" name="1" style="c160.5_h107" originx="0" originy="0" rotation="90" />
    <pcbpin number="2" name="2" style="c160.5_h107" originx="99.999999999999" originy="0" rotation="90" />
    <pcbpin number="3" name="3" style="c160.5_h107" originx="200" originy="0" rotation="90" />
    <line layer="TOP_ASSEMBLY" originx="-49.999999999999" originy="245.27559055118" endx="250" endy="245.27559055118" width="7.8740157480314" />
    <line layer="TOP_ASSEMBLY" originx="250" originy="245.27559055118" endx="250" endy="120.07874015748" width="7.8740157480314" />
    <line layer="TOP_ASSEMBLY" originx="250" originy="120.07874015748" endx="-49.999999999999" endy="120.07874015748" width="7.8740157480314" />
    <line layer="TOP_ASSEMBLY" originx="-49.999999999999" originy="120.07874015748" endx="-49.999999999999" endy="245.27559055118" width="7.8740157480314" />
    <line layer="TOP_SILKSCREEN" originx="-49.999999999999" originy="245.27559055118" endx="250" endy="245.27559055118" width="3.9370078740157" />
    <line layer="TOP_SILKSCREEN" originx="250" originy="245.27559055118" endx="250" endy="120.07874015748" width="3.9370078740157" />
    <line layer="TOP_SILKSCREEN" originx="250" originy="120.07874015748" endx="-49.999999999999" endy="120.07874015748" width="3.9370078740157" />
    <line layer="TOP_SILKSCREEN" originx="-49.999999999999" originy="120.07874015748" endx="-49.999999999999" endy="245.27559055118" width="3.9370078740157" />
    <line layer="TOP_PLACE_BOUND" originx="-104.72440944882" originy="548.81889763779" endx="289.37007874015" endy="548.81889763779" width="3.9370078740157" />
    <line layer="TOP_PLACE_BOUND" originx="289.37007874015" originy="548.81889763779" endx="289.37007874015" endy="-70.984251968503" width="3.9370078740157" />
    <line layer="TOP_PLACE_BOUND" originx="289.37007874015" originy="-70.984251968503" endx="-104.72440944882" endy="-70.984251968503" width="3.9370078740157" />
    <line layer="TOP_PLACE_BOUND" originx="-104.72440944882" originy="-70.984251968503" endx="-104.72440944882" endy="548.81889763779" width="3.9370078740157" />
    <line layer="TOP_ASSEMBLY" originx="0" originy="245.27559055118" endx="0" endy="509.44881889763" width="7.8740157480314" />
    <line layer="TOP_ASSEMBLY" originx="99.999999999999" originy="245.27559055118" endx="99.999999999999" endy="509.44881889763" width="7.8740157480314" />
    <line layer="TOP_ASSEMBLY" originx="200" originy="245.27559055118" endx="200" endy="509.44881889763" width="7.8740157480314" />
    <line layer="TOP_SILKSCREEN" originx="-57.480314960629" originy="9.0551181102361" endx="-57.480314960629" endy="9.0551181102361" width="7.8740157480314" />
    <arc layer="TOP_SILKSCREEN" originx="-61.417322834645" originy="9.0551181102361" startangle=".0" sweepangle="180.0" radius="3.9370078740157" width="7.8740157480314" />
    <line layer="TOP_SILKSCREEN" originx="-65.354330708661" originy="9.0551181102361" endx="-65.354330708661" endy="9.0551181102361" width="7.8740157480314" />
    <arc layer="TOP_SILKSCREEN" originx="-61.417322834645" originy="9.0551181102361" startangle="180.0" sweepangle="180.0" radius="3.9370078740157" width="7.8740157480314" />
  </footprint>
  <symbol name="22-12-2034" originx="0" originy="0">
    <line originx="200" originy="100" endx="600" endy="100" width="0" />
    <line originx="600" originy="-300" endx="600" endy="100" width="0" />
    <line originx="600" originy="-300" endx="200" endy="-300" width="0" />
    <line originx="200" originy="100" endx="200" endy="-300" width="0" />
    <sympin number="1" originx="200" originy="0" rotation="180" length="100" width="7.8740157480315" flipped="False">
      <text name="pinname" originx="230" originy="0" style="Default" rotation="0" justify="left" flipped="False" hidden="False" data="1" />
      <text name="pindes" originx="140" originy="20" style="Default" rotation="0" justify="lowerright" flipped="False" hidden="False" data="1" />
    </sympin>
    <sympin number="2" originx="200" originy="-100" rotation="180" length="100" width="7.8740157480315" flipped="False">
      <text name="pinname" originx="230" originy="-100" style="Default" rotation="0" justify="left" flipped="False" hidden="False" data="2" />
      <text name="pindes" originx="140" originy="-80" style="Default" rotation="0" justify="lowerright" flipped="False" hidden="False" data="2" />
    </sympin>
    <sympin number="3" originx="200" originy="-200" rotation="180" length="100" width="7.8740157480315" flipped="False">
      <text name="pinname" originx="230" originy="-200" style="Default" rotation="0" justify="left" flipped="False" hidden="False" data="3" />
      <text name="pindes" originx="140" originy="-180" style="Default" rotation="0" justify="lowerright" flipped="False" hidden="False" data="3" />
    </sympin>
  </symbol>
  <component name="22-12-2034" designatorprefix="J" height="259.84251968504" footprint="22122034">
    <comppin designator="1" sympin="1" pinswap="0" gateswap="0" gate="1" group="1" side="" type="Any" name="1" />
    <comppin designator="2" sympin="2" pinswap="0" gateswap="0" gate="1" group="1" side="" type="Any" name="2" />
    <comppin designator="3" sympin="3" pinswap="0" gateswap="0" gate="1" group="1" side="" type="Any" name="3" />
    <attached_symbol gate="1" name="22-12-2034" />
    <pinmap designator="1" footprintpin="1" />
    <pinmap designator="2" footprintpin="2" />
    <pinmap designator="3" footprintpin="3" />
    <text name="Datasheet" originx="0" originy="0" style="Default" rotation="0" justify="" flipped="False" hidden="True" data="https://www.molex.com/molex/products/part-detail/pcb_headers/0022122034" />
    <text name="Description" originx="0" originy="0" style="Default" rotation="0" justify="" flipped="False" hidden="True" data="Headers &amp; Wire Housings R/A PCB HDR 3P GOLD FRICTION LOCK" />
    <text name="Manufacturer_Name" originx="0" originy="0" style="Default" rotation="0" justify="" flipped="False" hidden="True" data="Molex" />
    <text name="Manufacturer_Part_Number" originx="650" originy="200" style="Default" rotation="0" justify="left" flipped="False" hidden="False" data="22-12-2034" />
    <text name="Mouser Part Number" originx="0" originy="0" style="Default" rotation="0" justify="" flipped="False" hidden="True" data="538-22-12-2034" />
    <text name="Mouser Price/Stock" originx="0" originy="0" style="Default" rotation="0" justify="" flipped="False" hidden="True" data="https://www.mouser.co.uk/ProductDetail/Molex/22-12-2034?qs=MuwpYaHj750sC55Mhmi9Vw%3D%3D" />
    <text name="Arrow Part Number" originx="0" originy="0" style="Default" rotation="0" justify="" flipped="False" hidden="True" data="" />
    <text name="Arrow Price/Stock" originx="0" originy="0" style="Default" rotation="0" justify="" flipped="False" hidden="True" data="" />
    <text name="Mouser Testing Part Number" originx="0" originy="0" style="Default" rotation="0" justify="" flipped="False" hidden="True" data="" />
    <text name="Mouser Testing Price/Stock" originx="0" originy="0" style="Default" rotation="0" justify="" flipped="False" hidden="True" data="" />
  </component>
</quadcept_library>
