<?xml version="1.0" encoding="utf-8"?>
<!--/19209980/1357958/2.50/2/3/Zener Diode/-->
<quadcept_library>
  <setting unit="mil" />
  <textstyle name="Default" height="47.244094488189" strokewidth="7.8740157480315" charwidth="47.244094488189" />
  <textstyle name="Dimension" height="19.6850393700787" strokewidth="0" charwidth="19.6850393700787" />
  <textstyle name="H127W0635TH00762" height="50" strokewidth="3" charwidth="25" />
  <textstyle name="H15W15TH02" height="59.0551181102362" strokewidth="7.8740157480315" charwidth="59.0551181102362" />
  <padstyle name="r115_80" surface="True" plated="False" isvia="False" nopaste="False" nomask="True" complex="False" holesize="0">
    <padshape layer="TOP" shape="rectangle" width="31.496062992126" height="45.275590551181" />
    <padshape layer="TOP_SOLDER_MASK" shape="rectangle" width="39.370078740157" height="53.149606299212" />
    <padshape layer="TOP_SOLDER_PASTE" shape="rectangle" width="31.496062992126" height="45.275590551181" />
  </padstyle>
  <footprint name="SOD3816X135N" originx="0" originy="0" pickpointx="0" pickpointy="0">
    <pcbpin number="1" name="1" style="r115_80" originx="-68.897637795275" originy="0" rotation="90" />
    <pcbpin number="2" name="2" style="r115_80" originx="68.897637795275" originy="0" rotation="90" />
    <line layer="TOP_PLACE_BOUND" originx="-101.3779527559" originy="64.960629921259" endx="101.3779527559" endy="64.960629921259" width="1.9685039370079" />
    <line layer="TOP_PLACE_BOUND" originx="101.3779527559" originy="64.960629921259" endx="101.3779527559" endy="-64.960629921259" width="1.9685039370079" />
    <line layer="TOP_PLACE_BOUND" originx="101.3779527559" originy="-64.960629921259" endx="-101.3779527559" endy="-64.960629921259" width="1.9685039370079" />
    <line layer="TOP_PLACE_BOUND" originx="-101.3779527559" originy="-64.960629921259" endx="-101.3779527559" endy="64.960629921259" width="1.9685039370079" />
    <line layer="TOP_ASSEMBLY" originx="-52.165354330708" originy="31.496062992126" endx="52.165354330708" endy="31.496062992126" width="3.9370078740157" />
    <line layer="TOP_ASSEMBLY" originx="52.165354330708" originy="31.496062992126" endx="52.165354330708" endy="-31.496062992126" width="3.9370078740157" />
    <line layer="TOP_ASSEMBLY" originx="52.165354330708" originy="-31.496062992126" endx="-52.165354330708" endy="-31.496062992126" width="3.9370078740157" />
    <line layer="TOP_ASSEMBLY" originx="-52.165354330708" originy="-31.496062992126" endx="-52.165354330708" endy="31.496062992126" width="3.9370078740157" />
    <line layer="TOP_ASSEMBLY" originx="-52.165354330708" originy="8.8582677165353" endx="-29.527559055118" endy="31.496062992126" width="3.9370078740157" />
    <line layer="TOP_SILKSCREEN" originx="-91.535433070865" originy="31.496062992126" endx="52.165354330708" endy="31.496062992126" width="7.8740157480314" />
    <line layer="TOP_SILKSCREEN" originx="-52.165354330708" originy="-31.496062992126" endx="52.165354330708" endy="-31.496062992126" width="7.8740157480314" />
  </footprint>
  <symbol name="CMHZ4107_TR_PBFREE" originx="0" originy="0">
    <line originx="200" originy="80" endx="200" endy="-80" width="0" />
    <line originx="200" originy="80" endx="240" endy="100" width="0" />
    <line originx="160" originy="-100" endx="200" endy="-80" width="0" />
    <line originx="100" originy="0" endx="200" endy="0" width="0" />
    <line originx="500" originy="0" endx="400" endy="0" width="0" />
    <sympin number="1" originx="100" originy="0" rotation="180" length="100" width="7.8740157480315" flipped="False">
      <text name="pinname" originx="140" originy="10" style="Default" rotation="0" justify="left" flipped="False" hidden="True" data="K" />
      <text name="pindes" originx="60" originy="10" style="Default" rotation="0" justify="lowerright" flipped="False" hidden="False" data="1" />
    </sympin>
    <sympin number="2" originx="500" originy="0" rotation="0" length="100" width="7.8740157480315" flipped="False">
      <text name="pinname" originx="460" originy="10" style="Default" rotation="0" justify="right" flipped="False" hidden="True" data="A" />
      <text name="pindes" originx="540" originy="10" style="Default" rotation="0" justify="lowerleft" flipped="False" hidden="False" data="2" />
    </sympin>
    <polygon type="polygon">
      <point x="200" y="0" />
      <point x="400" y="100" />
      <point x="400" y="-100" />
    </polygon>
  </symbol>
  <component name="CMHZ4107_TR_PBFREE" designatorprefix="Z" height="53.149606299212" footprint="SOD3816X135N">
    <comppin designator="1" sympin="1" pinswap="0" gateswap="0" gate="1" group="1" side="" type="Any" name="K" />
    <comppin designator="2" sympin="2" pinswap="0" gateswap="0" gate="1" group="1" side="" type="Any" name="A" />
    <attached_symbol gate="1" name="CMHZ4107_TR_PBFREE" />
    <pinmap designator="1" footprintpin="1" />
    <pinmap designator="2" footprintpin="2" />
    <text name="Datasheet" originx="0" originy="0" style="Default" rotation="0" justify="" flipped="False" hidden="True" data="https://my.centralsemi.com/datasheets/CMHZ4099-4125.PDF" />
    <text name="Description" originx="0" originy="0" style="Default" rotation="0" justify="" flipped="False" hidden="True" data="Zener Diodes 500mW 5% Tolerance" />
    <text name="Mouser Part Number" originx="0" originy="0" style="Default" rotation="0" justify="" flipped="False" hidden="True" data="" />
    <text name="Mouser Price/Stock" originx="0" originy="0" style="Default" rotation="0" justify="" flipped="False" hidden="True" data="" />
    <text name="Manufacturer_Name" originx="0" originy="0" style="Default" rotation="0" justify="" flipped="False" hidden="True" data="Central Semiconductor" />
    <text name="Manufacturer_Part_Number" originx="400" originy="250" style="Default" rotation="0" justify="left" flipped="False" hidden="False" data="CMHZ4107 TR PBFREE" />
  </component>
</quadcept_library>
