<?xml version="1.0" encoding="utf-8"?>
<!--/488040/663195/2.49/4/4/Relay or Contactor/-->
<quadcept_library>
  <setting unit="mil" />
  <textstyle name="Default" height="47.244094488189" strokewidth="7.8740157480315" charwidth="47.244094488189" />
  <textstyle name="Dimension" height="19.6850393700787" strokewidth="0" charwidth="19.6850393700787" />
  <textstyle name="H127W0635TH00762" height="50" strokewidth="3" charwidth="25" />
  <textstyle name="H15W15TH02" height="59.0551181102362" strokewidth="7.8740157480315" charwidth="59.0551181102362" />
  <padstyle name="b160_95" surface="True" plated="False" isvia="False" nopaste="False" nomask="True" complex="False" holesize="0">
    <padshape layer="TOP" shape="oblong" width="37.401574803149" height="62.992125984251" />
    <padshape layer="TOP_SOLDER_MASK" shape="oblong" width="45.275590551181" height="70.866141732283" />
    <padshape layer="TOP_SOLDER_PASTE" shape="oblong" width="37.401574803149" height="62.992125984251" />
  </padstyle>
  <footprint name="CPC1394GR" originx="0" originy="0" pickpointx="0" pickpointy="0">
    <pcbpin number="1" name="1" style="b160_95" originx="-44.999999999999" originy="-173.22834645669" rotation="0" />
    <pcbpin number="2" name="2" style="b160_95" originx="44.999999999999" originy="-173.22834645669" rotation="0" />
    <pcbpin number="3" name="3" style="b160_95" originx="44.999999999999" originy="173.22834645669" rotation="0" />
    <pcbpin number="4" name="4" style="b160_95" originx="-44.999999999999" originy="173.22834645669" rotation="0" />
    <line layer="TOP_ASSEMBLY" originx="-89.999999999999" originy="125" endx="89.999999999999" endy="125" width="7.8740157480314" />
    <line layer="TOP_ASSEMBLY" originx="89.999999999999" originy="125" endx="89.999999999999" endy="-125" width="7.8740157480314" />
    <line layer="TOP_ASSEMBLY" originx="89.999999999999" originy="-125" endx="-89.999999999999" endy="-125" width="7.8740157480314" />
    <line layer="TOP_ASSEMBLY" originx="-89.999999999999" originy="-125" endx="-89.999999999999" endy="125" width="7.8740157480314" />
    <line layer="TOP_SILKSCREEN" originx="-89.999999999999" originy="125" endx="89.999999999999" endy="125" width="3.9370078740157" />
    <line layer="TOP_SILKSCREEN" originx="89.999999999999" originy="125" endx="89.999999999999" endy="-125" width="3.9370078740157" />
    <line layer="TOP_SILKSCREEN" originx="89.999999999999" originy="-125" endx="-89.999999999999" endy="-125" width="3.9370078740157" />
    <line layer="TOP_SILKSCREEN" originx="-89.999999999999" originy="-125" endx="-89.999999999999" endy="125" width="3.9370078740157" />
    <line layer="TOP_PLACE_BOUND" originx="-129.37007874016" originy="244.09448818897" endx="129.37007874016" endy="244.09448818897" width="3.9370078740157" />
    <line layer="TOP_PLACE_BOUND" originx="129.37007874016" originy="244.09448818897" endx="129.37007874016" endy="-244.09448818897" width="3.9370078740157" />
    <line layer="TOP_PLACE_BOUND" originx="129.37007874016" originy="-244.09448818897" endx="-129.37007874016" endy="-244.09448818897" width="3.9370078740157" />
    <line layer="TOP_PLACE_BOUND" originx="-129.37007874016" originy="-244.09448818897" endx="-129.37007874016" endy="244.09448818897" width="3.9370078740157" />
    <line layer="TOP_SILKSCREEN" originx="-86.614173228345" originy="-173.22834645669" endx="-86.614173228345" endy="-173.22834645669" width="3.9370078740157" />
    <arc layer="TOP_SILKSCREEN" originx="-84.645669291338" originy="-173.22834645669" startangle="180.0" sweepangle="180.0" radius="1.9685039370079" width="3.9370078740157" />
    <line layer="TOP_SILKSCREEN" originx="-82.67716535433" originy="-173.22834645669" endx="-82.67716535433" endy="-173.22834645669" width="3.9370078740157" />
    <arc layer="TOP_SILKSCREEN" originx="-84.645669291338" originy="-173.22834645669" startangle=".0" sweepangle="180.0" radius="1.9685039370079" width="3.9370078740157" />
  </footprint>
  <symbol name="CPC1394GR" originx="0" originy="0">
    <line originx="200" originy="100" endx="1400" endy="100" width="0" />
    <line originx="1400" originy="-200" endx="1400" endy="100" width="0" />
    <line originx="1400" originy="-200" endx="200" endy="-200" width="0" />
    <line originx="200" originy="100" endx="200" endy="-200" width="0" />
    <sympin number="1" originx="200" originy="-100" rotation="180" length="100" width="7.8740157480315" flipped="False">
      <text name="pinname" originx="230" originy="-100" style="Default" rotation="0" justify="left" flipped="False" hidden="False" data="+_CONTROL" />
      <text name="pindes" originx="140" originy="-80" style="Default" rotation="0" justify="lowerright" flipped="False" hidden="False" data="1" />
    </sympin>
    <sympin number="2" originx="1400" originy="-100" rotation="0" length="100" width="7.8740157480315" flipped="False">
      <text name="pinname" originx="1370" originy="-100" style="Default" rotation="0" justify="right" flipped="False" hidden="False" data="-_CONTROL" />
      <text name="pindes" originx="1460" originy="-80" style="Default" rotation="0" justify="lowerleft" flipped="False" hidden="False" data="2" />
    </sympin>
    <sympin number="3" originx="1400" originy="0" rotation="0" length="100" width="7.8740157480315" flipped="False">
      <text name="pinname" originx="1370" originy="0" style="Default" rotation="0" justify="right" flipped="False" hidden="False" data="LOAD_1" />
      <text name="pindes" originx="1460" originy="20" style="Default" rotation="0" justify="lowerleft" flipped="False" hidden="False" data="3" />
    </sympin>
    <sympin number="4" originx="200" originy="0" rotation="180" length="100" width="7.8740157480315" flipped="False">
      <text name="pinname" originx="230" originy="0" style="Default" rotation="0" justify="left" flipped="False" hidden="False" data="LOAD_2" />
      <text name="pindes" originx="140" originy="20" style="Default" rotation="0" justify="lowerright" flipped="False" hidden="False" data="4" />
    </sympin>
  </symbol>
  <component name="CPC1394GR" designatorprefix="K" height="140" footprint="CPC1394GR">
    <comppin designator="1" sympin="1" pinswap="0" gateswap="0" gate="1" group="1" side="" type="Any" name="+_CONTROL" />
    <comppin designator="2" sympin="2" pinswap="0" gateswap="0" gate="1" group="1" side="" type="Any" name="-_CONTROL" />
    <comppin designator="3" sympin="3" pinswap="0" gateswap="0" gate="1" group="1" side="" type="Any" name="LOAD_1" />
    <comppin designator="4" sympin="4" pinswap="0" gateswap="0" gate="1" group="1" side="" type="Any" name="LOAD_2" />
    <attached_symbol gate="1" name="CPC1394GR" />
    <pinmap designator="1" footprintpin="1" />
    <pinmap designator="2" footprintpin="2" />
    <pinmap designator="3" footprintpin="3" />
    <pinmap designator="4" footprintpin="4" />
    <text name="Datasheet" originx="0" originy="0" style="Default" rotation="0" justify="" flipped="False" hidden="True" data="https://componentsearchengine.com/Datasheets/1/CPC1394GR.pdf" />
    <text name="Description" originx="0" originy="0" style="Default" rotation="0" justify="" flipped="False" hidden="True" data="SPST-NO Solid State Relay Solder 120 mA rms/mA dc Surface Mount, DC MOSFET" />
    <text name="Manufacturer_Name" originx="0" originy="0" style="Default" rotation="0" justify="" flipped="False" hidden="True" data="LITTELFUSE" />
    <text name="Manufacturer_Part_Number" originx="1450" originy="200" style="Default" rotation="0" justify="left" flipped="False" hidden="False" data="CPC1394GR" />
    <text name="Mouser Part Number" originx="0" originy="0" style="Default" rotation="0" justify="" flipped="False" hidden="True" data="849-CPC1394GR" />
    <text name="Mouser Price/Stock" originx="0" originy="0" style="Default" rotation="0" justify="" flipped="False" hidden="True" data="https://www.mouser.co.uk/ProductDetail/IXYS-Integrated-Circuits/CPC1394GR?qs=8uBHJDVwVqyTG8bzDwZMmA%3D%3D" />
    <text name="Arrow Part Number" originx="0" originy="0" style="Default" rotation="0" justify="" flipped="False" hidden="True" data="" />
    <text name="Arrow Price/Stock" originx="0" originy="0" style="Default" rotation="0" justify="" flipped="False" hidden="True" data="" />
    <text name="Mouser Testing Part Number" originx="0" originy="0" style="Default" rotation="0" justify="" flipped="False" hidden="True" data="" />
    <text name="Mouser Testing Price/Stock" originx="0" originy="0" style="Default" rotation="0" justify="" flipped="False" hidden="True" data="" />
  </component>
</quadcept_library>
