<?xml version="1.0" encoding="utf-8"?>
<!--/354807/663195/2.49/11/2/Connector/-->
<quadcept_library>
  <setting unit="mil" />
  <textstyle name="Default" height="47.244094488189" strokewidth="7.8740157480315" charwidth="47.244094488189" />
  <textstyle name="Dimension" height="19.6850393700787" strokewidth="0" charwidth="19.6850393700787" />
  <textstyle name="H127W0635TH00762" height="50" strokewidth="3" charwidth="25" />
  <textstyle name="H15W15TH02" height="59.0551181102362" strokewidth="7.8740157480315" charwidth="59.0551181102362" />
  <padstyle name="c156.2_h104.14" surface="False" plated="True" isvia="False" nopaste="True" nomask="True" complex="False" holesize="41">
    <padshape layer="TOP" shape="round" width="61.496062992125" height="61.496062992125" />
    <padshape layer="TOP_SOLDER_MASK" shape="round" width="69.370078740157" height="69.370078740157" />
    <padshape layer="INNER" shape="round" width="61.496062992125" height="61.496062992125" />
    <padshape layer="BOTTOM" shape="round" width="61.496062992125" height="61.496062992125" />
    <padshape layer="BOTTOM_SOLDER_MASK" shape="round" width="69.370078740157" height="69.370078740157" />
  </padstyle>
  <padstyle name="s156.2_h104.14" surface="False" plated="True" isvia="False" nopaste="True" nomask="True" complex="False" holesize="41">
    <padshape layer="TOP" shape="square" width="61.496062992125" height="61.496062992125" />
    <padshape layer="TOP_SOLDER_MASK" shape="square" width="69.370078740157" height="69.370078740157" />
    <padshape layer="INNER" shape="square" width="61.496062992125" height="61.496062992125" />
    <padshape layer="BOTTOM" shape="square" width="61.496062992125" height="61.496062992125" />
    <padshape layer="BOTTOM_SOLDER_MASK" shape="square" width="69.370078740157" height="69.370078740157" />
  </padstyle>
  <padstyle name="c476.2_h317.5" surface="False" plated="True" isvia="False" nopaste="True" nomask="True" complex="False" holesize="125">
    <padshape layer="TOP" shape="round" width="187.48031496063" height="187.48031496063" />
    <padshape layer="TOP_SOLDER_MASK" shape="round" width="195.35433070866" height="195.35433070866" />
    <padshape layer="INNER" shape="round" width="187.48031496063" height="187.48031496063" />
    <padshape layer="BOTTOM" shape="round" width="187.48031496063" height="187.48031496063" />
    <padshape layer="BOTTOM_SOLDER_MASK" shape="round" width="195.35433070866" height="195.35433070866" />
  </padstyle>
  <footprint name="57478442" originx="0" originy="0" pickpointx="0" pickpointy="0">
    <pcbpin number="1" name="1" style="s156.2_h104.14" originx="0" originy="0" rotation="90" />
    <pcbpin number="2" name="2" style="c156.2_h104.14" originx="-107.99212598425" originy="0" rotation="90" />
    <pcbpin number="3" name="3" style="c156.2_h104.14" originx="-215.9842519685" originy="0" rotation="90" />
    <pcbpin number="4" name="4" style="c156.2_h104.14" originx="-324.01574803149" originy="0" rotation="90" />
    <pcbpin number="5" name="5" style="c156.2_h104.14" originx="-432.00787401574" originy="0" rotation="90" />
    <pcbpin number="6" name="6" style="c156.2_h104.14" originx="-54.015748031495" originy="-112.00787401575" rotation="90" />
    <pcbpin number="7" name="7" style="c156.2_h104.14" originx="-162.00787401575" originy="-112.00787401575" rotation="90" />
    <pcbpin number="8" name="8" style="c156.2_h104.14" originx="-270" originy="-112.00787401575" rotation="90" />
    <pcbpin number="9" name="9" style="c156.2_h104.14" originx="-377.99212598425" originy="-112.00787401575" rotation="90" />
    <pcbpin number="10" name="MH1" style="c476.2_h317.5" originx="275.9842519685" originy="-55.984251968503" rotation="90" />
    <pcbpin number="11" name="MH2" style="c476.2_h317.5" originx="-707.99212598424" originy="-55.984251968503" rotation="90" />
    <line layer="TOP_ASSEMBLY" originx="-822.51968503936" originy="67.007874015747" endx="390.51181102362" endy="67.007874015747" width="3.9370078740157" />
    <line layer="TOP_ASSEMBLY" originx="390.51181102362" originy="67.007874015747" endx="390.51181102362" endy="-429.99999999999" width="3.9370078740157" />
    <line layer="TOP_ASSEMBLY" originx="390.51181102362" originy="-429.99999999999" endx="-822.51968503936" endy="-429.99999999999" width="3.9370078740157" />
    <line layer="TOP_ASSEMBLY" originx="-822.51968503936" originy="-429.99999999999" endx="-822.51968503936" endy="67.007874015747" width="3.9370078740157" />
    <line layer="TOP_PLACE_BOUND" originx="-861.88976377952" originy="106.3779527559" endx="429.88188976377" endy="106.3779527559" width="3.9370078740157" />
    <line layer="TOP_PLACE_BOUND" originx="429.88188976377" originy="106.3779527559" endx="429.88188976377" endy="-712.3622047244" width="3.9370078740157" />
    <line layer="TOP_PLACE_BOUND" originx="429.88188976377" originy="-712.3622047244" endx="-861.88976377952" endy="-712.3622047244" width="3.9370078740157" />
    <line layer="TOP_PLACE_BOUND" originx="-861.88976377952" originy="-712.3622047244" endx="-861.88976377952" endy="106.3779527559" width="3.9370078740157" />
    <line layer="TOP_ASSEMBLY" originx="105.51181102362" originy="-429.99999999999" endx="105.51181102362" endy="-672.99212598424" width="3.9370078740157" />
    <line layer="TOP_ASSEMBLY" originx="105.51181102362" originy="-672.99212598424" endx="-537.48031496062" endy="-672.99212598424" width="3.9370078740157" />
    <line layer="TOP_ASSEMBLY" originx="-537.48031496062" originy="-672.99212598424" endx="-537.48031496062" endy="-429.99999999999" width="3.9370078740157" />
    <line layer="TOP_SILKSCREEN" originx="-537.48031496062" originy="-429.99999999999" endx="-537.48031496062" endy="-672.99212598424" width="7.8740157480314" />
    <line layer="TOP_SILKSCREEN" originx="-537.48031496062" originy="-672.99212598424" endx="105.51181102362" endy="-672.99212598424" width="7.8740157480314" />
    <line layer="TOP_SILKSCREEN" originx="105.51181102362" originy="-672.99212598424" endx="105.51181102362" endy="-429.99999999999" width="7.8740157480314" />
    <line layer="TOP_SILKSCREEN" originx="-822.51968503936" originy="-187.00787401575" endx="-822.51968503936" endy="-429.99999999999" width="7.8740157480314" />
    <line layer="TOP_SILKSCREEN" originx="-822.51968503936" originy="-429.99999999999" endx="390.51181102362" endy="-429.99999999999" width="7.8740157480314" />
    <line layer="TOP_SILKSCREEN" originx="390.51181102362" originy="-429.99999999999" endx="390.51181102362" endy="-187.00787401575" width="7.8740157480314" />
    <line layer="TOP_SILKSCREEN" originx="390.51181102362" originy="-187.00787401575" endx="390.51181102362" endy="67.007874015747" width="7.8740157480314" />
    <line layer="TOP_SILKSCREEN" originx="390.51181102362" originy="67.007874015747" endx="-822.51968503936" endy="67.007874015747" width="7.8740157480314" />
    <line layer="TOP_SILKSCREEN" originx="-822.51968503936" originy="67.007874015747" endx="-822.51968503936" endy="-187.00787401575" width="7.8740157480314" />
    <line layer="TOP_ASSEMBLY" originx="-640.55118110235" originy="-429.99999999999" endx="-640.55118110235" endy="-672.99212598424" width="3.9370078740157" />
    <line layer="TOP_ASSEMBLY" originx="-640.55118110235" originy="-672.99212598424" endx="-761.85039370078" endy="-672.99212598424" width="3.9370078740157" />
    <line layer="TOP_ASSEMBLY" originx="-761.85039370078" originy="-672.99212598424" endx="-761.85039370078" endy="-429.99999999999" width="3.9370078740157" />
    <line layer="TOP_SILKSCREEN" originx="-640.55118110235" originy="-429.99999999999" endx="-640.55118110235" endy="-672.99212598424" width="7.8740157480314" />
    <line layer="TOP_SILKSCREEN" originx="-640.55118110235" originy="-672.99212598424" endx="-761.85039370078" endy="-672.99212598424" width="7.8740157480314" />
    <line layer="TOP_SILKSCREEN" originx="-761.85039370078" originy="-672.99212598424" endx="-761.85039370078" endy="-429.99999999999" width="7.8740157480314" />
    <line layer="TOP_SILKSCREEN" originx="0" originy="86.614173228345" endx="0" endy="86.614173228345" width="3.9370078740157" />
    <arc layer="TOP_SILKSCREEN" originx="-7.102804783527E-15" originy="88.582677165353" startangle="-90.0" sweepangle="180.0" radius="1.9685039370078" width="3.9370078740157" />
    <line layer="TOP_SILKSCREEN" originx="0" originy="90.551181102361" endx="0" endy="90.551181102361" width="3.9370078740157" />
    <arc layer="TOP_SILKSCREEN" originx="-7.102804783527E-15" originy="88.582677165353" startangle="90.0" sweepangle="180.0" radius="1.9685039370078" width="3.9370078740157" />
  </footprint>
  <symbol name="5747844-2" originx="0" originy="0">
    <line originx="200" originy="300" endx="800" endy="300" width="0" />
    <line originx="800" originy="-300" endx="800" endy="300" width="0" />
    <line originx="800" originy="-300" endx="200" endy="-300" width="0" />
    <line originx="200" originy="300" endx="200" endy="-300" width="0" />
    <sympin number="1" originx="700" originy="300" rotation="90" length="100" width="7.8740157480315" flipped="False">
      <text name="pinname" originx="700" originy="270" style="Default" rotation="0" justify="right" flipped="False" hidden="False" data="1" />
      <text name="pindes" originx="680" originy="360" style="Default" rotation="0" justify="lowerleft" flipped="False" hidden="False" data="1" />
    </sympin>
    <sympin number="2" originx="600" originy="300" rotation="90" length="100" width="7.8740157480315" flipped="False">
      <text name="pinname" originx="600" originy="270" style="Default" rotation="0" justify="right" flipped="False" hidden="False" data="2" />
      <text name="pindes" originx="580" originy="360" style="Default" rotation="0" justify="lowerleft" flipped="False" hidden="False" data="2" />
    </sympin>
    <sympin number="3" originx="500" originy="300" rotation="90" length="100" width="7.8740157480315" flipped="False">
      <text name="pinname" originx="500" originy="270" style="Default" rotation="0" justify="right" flipped="False" hidden="False" data="3" />
      <text name="pindes" originx="480" originy="360" style="Default" rotation="0" justify="lowerleft" flipped="False" hidden="False" data="3" />
    </sympin>
    <sympin number="4" originx="400" originy="300" rotation="90" length="100" width="7.8740157480315" flipped="False">
      <text name="pinname" originx="400" originy="270" style="Default" rotation="0" justify="right" flipped="False" hidden="False" data="4" />
      <text name="pindes" originx="380" originy="360" style="Default" rotation="0" justify="lowerleft" flipped="False" hidden="False" data="4" />
    </sympin>
    <sympin number="5" originx="300" originy="300" rotation="90" length="100" width="7.8740157480315" flipped="False">
      <text name="pinname" originx="300" originy="270" style="Default" rotation="0" justify="right" flipped="False" hidden="False" data="5" />
      <text name="pindes" originx="280" originy="360" style="Default" rotation="0" justify="lowerleft" flipped="False" hidden="False" data="5" />
    </sympin>
    <sympin number="6" originx="600" originy="-300" rotation="270" length="100" width="7.8740157480315" flipped="False">
      <text name="pinname" originx="600" originy="-270" style="Default" rotation="0" justify="left" flipped="False" hidden="False" data="6" />
      <text name="pindes" originx="580" originy="-360" style="Default" rotation="0" justify="lowerright" flipped="False" hidden="False" data="6" />
    </sympin>
    <sympin number="7" originx="500" originy="-300" rotation="270" length="100" width="7.8740157480315" flipped="False">
      <text name="pinname" originx="500" originy="-270" style="Default" rotation="0" justify="left" flipped="False" hidden="False" data="7" />
      <text name="pindes" originx="480" originy="-360" style="Default" rotation="0" justify="lowerright" flipped="False" hidden="False" data="7" />
    </sympin>
    <sympin number="8" originx="400" originy="-300" rotation="270" length="100" width="7.8740157480315" flipped="False">
      <text name="pinname" originx="400" originy="-270" style="Default" rotation="0" justify="left" flipped="False" hidden="False" data="8" />
      <text name="pindes" originx="380" originy="-360" style="Default" rotation="0" justify="lowerright" flipped="False" hidden="False" data="8" />
    </sympin>
    <sympin number="9" originx="300" originy="-300" rotation="270" length="100" width="7.8740157480315" flipped="False">
      <text name="pinname" originx="300" originy="-270" style="Default" rotation="0" justify="left" flipped="False" hidden="False" data="9" />
      <text name="pindes" originx="280" originy="-360" style="Default" rotation="0" justify="lowerright" flipped="False" hidden="False" data="9" />
    </sympin>
    <sympin number="10" originx="800" originy="0" rotation="0" length="100" width="7.8740157480315" flipped="False">
      <text name="pinname" originx="770" originy="0" style="Default" rotation="0" justify="right" flipped="False" hidden="False" data="MH1" />
      <text name="pindes" originx="860" originy="20" style="Default" rotation="0" justify="lowerleft" flipped="False" hidden="False" data="MH1" />
    </sympin>
    <sympin number="11" originx="200" originy="0" rotation="180" length="100" width="7.8740157480315" flipped="False">
      <text name="pinname" originx="230" originy="0" style="Default" rotation="0" justify="left" flipped="False" hidden="False" data="MH2" />
      <text name="pindes" originx="140" originy="20" style="Default" rotation="0" justify="lowerright" flipped="False" hidden="False" data="MH2" />
    </sympin>
  </symbol>
  <component name="5747844-2" designatorprefix="J" height="508.99999999999" footprint="57478442">
    <comppin designator="1" sympin="1" pinswap="0" gateswap="0" gate="1" group="1" side="" type="Any" name="1" />
    <comppin designator="2" sympin="2" pinswap="0" gateswap="0" gate="1" group="1" side="" type="Any" name="2" />
    <comppin designator="3" sympin="3" pinswap="0" gateswap="0" gate="1" group="1" side="" type="Any" name="3" />
    <comppin designator="4" sympin="4" pinswap="0" gateswap="0" gate="1" group="1" side="" type="Any" name="4" />
    <comppin designator="5" sympin="5" pinswap="0" gateswap="0" gate="1" group="1" side="" type="Any" name="5" />
    <comppin designator="6" sympin="6" pinswap="0" gateswap="0" gate="1" group="1" side="" type="Any" name="6" />
    <comppin designator="7" sympin="7" pinswap="0" gateswap="0" gate="1" group="1" side="" type="Any" name="7" />
    <comppin designator="8" sympin="8" pinswap="0" gateswap="0" gate="1" group="1" side="" type="Any" name="8" />
    <comppin designator="9" sympin="9" pinswap="0" gateswap="0" gate="1" group="1" side="" type="Any" name="9" />
    <comppin designator="MH1" sympin="10" pinswap="0" gateswap="0" gate="1" group="1" side="" type="Any" name="MH1" />
    <comppin designator="MH2" sympin="11" pinswap="0" gateswap="0" gate="1" group="1" side="" type="Any" name="MH2" />
    <attached_symbol gate="1" name="5747844-2" />
    <pinmap designator="1" footprintpin="1" />
    <pinmap designator="2" footprintpin="2" />
    <pinmap designator="3" footprintpin="3" />
    <pinmap designator="4" footprintpin="4" />
    <pinmap designator="5" footprintpin="5" />
    <pinmap designator="6" footprintpin="6" />
    <pinmap designator="7" footprintpin="7" />
    <pinmap designator="8" footprintpin="8" />
    <pinmap designator="9" footprintpin="9" />
    <pinmap designator="MH1" footprintpin="10" />
    <pinmap designator="MH2" footprintpin="11" />
    <text name="Datasheet" originx="0" originy="0" style="Default" rotation="0" justify="" flipped="False" hidden="True" data="https://www.te.com/commerce/DocumentDelivery/DDEController?Action=showdoc&amp;DocId=Customer Drawing5747844PpdfEnglishENG_CD_5747844_P.pdf5747844-2" />
    <text name="Description" originx="0" originy="0" style="Default" rotation="0" justify="" flipped="False" hidden="True" data="09 MSFL RCPT RA 318 (FM,BL)" />
    <text name="Manufacturer_Name" originx="0" originy="0" style="Default" rotation="0" justify="" flipped="False" hidden="True" data="TE Connectivity" />
    <text name="Manufacturer_Part_Number" originx="850" originy="400" style="Default" rotation="0" justify="left" flipped="False" hidden="False" data="5747844-2" />
    <text name="Mouser Part Number" originx="0" originy="0" style="Default" rotation="0" justify="" flipped="False" hidden="True" data="571-5747844-2" />
    <text name="Mouser Price/Stock" originx="0" originy="0" style="Default" rotation="0" justify="" flipped="False" hidden="True" data="https://www.mouser.co.uk/ProductDetail/TE-Connectivity/5747844-2?qs=DUjmvCJSYRCtNU6HMUj1IQ%3D%3D" />
    <text name="Arrow Part Number" originx="0" originy="0" style="Default" rotation="0" justify="" flipped="False" hidden="True" data="5747844-2" />
    <text name="Arrow Price/Stock" originx="0" originy="0" style="Default" rotation="0" justify="" flipped="False" hidden="True" data="https://www.arrow.com/en/products/5747844-2/te-connectivity?region=nac" />
    <text name="Mouser Testing Part Number" originx="0" originy="0" style="Default" rotation="0" justify="" flipped="False" hidden="True" data="" />
    <text name="Mouser Testing Price/Stock" originx="0" originy="0" style="Default" rotation="0" justify="" flipped="False" hidden="True" data="" />
  </component>
</quadcept_library>
