<?xml version="1.0" encoding="utf-8"?>
<!--/298570/663195/2.49/2/3/Connector/-->
<quadcept_library>
  <setting unit="mil" />
  <textstyle name="Default" height="47.244094488189" strokewidth="7.8740157480315" charwidth="47.244094488189" />
  <textstyle name="Dimension" height="19.6850393700787" strokewidth="0" charwidth="19.6850393700787" />
  <textstyle name="H127W0635TH00762" height="50" strokewidth="3" charwidth="25" />
  <textstyle name="H15W15TH02" height="59.0551181102362" strokewidth="7.8740157480315" charwidth="59.0551181102362" />
  <padstyle name="c178.5_h119" surface="False" plated="True" isvia="False" nopaste="True" nomask="True" complex="False" holesize="46.850393700787">
    <padshape layer="TOP" shape="round" width="70.27559055118" height="70.27559055118" />
    <padshape layer="TOP_SOLDER_MASK" shape="round" width="78.149606299212" height="78.149606299212" />
    <padshape layer="INNER" shape="round" width="70.27559055118" height="70.27559055118" />
    <padshape layer="BOTTOM" shape="round" width="70.27559055118" height="70.27559055118" />
    <padshape layer="BOTTOM_SOLDER_MASK" shape="round" width="78.149606299212" height="78.149606299212" />
  </padstyle>
  <footprint name="1718574002" originx="0" originy="0" pickpointx="0" pickpointy="0">
    <pcbpin number="1" name="1" style="c178.5_h119" originx="0" originy="0" rotation="90" />
    <pcbpin number="2" name="2" style="c178.5_h119" originx="99.999999999999" originy="0" rotation="90" />
    <line layer="TOP_ASSEMBLY" originx="-47.047244094488" originy="-118.11023622047" endx="147.04724409449" endy="-118.11023622047" width="7.8740157480314" />
    <line layer="TOP_ASSEMBLY" originx="147.04724409449" originy="-118.11023622047" endx="147.04724409449" endy="-322.04724409448" width="7.8740157480314" />
    <line layer="TOP_ASSEMBLY" originx="147.04724409449" originy="-322.04724409448" endx="-47.047244094488" endy="-322.04724409448" width="7.8740157480314" />
    <line layer="TOP_ASSEMBLY" originx="-47.047244094488" originy="-322.04724409448" endx="-47.047244094488" endy="-118.11023622047" width="7.8740157480314" />
    <line layer="TOP_SILKSCREEN" originx="-47.047244094488" originy="-118.11023622047" endx="147.04724409449" endy="-118.11023622047" width="3.9370078740157" />
    <line layer="TOP_SILKSCREEN" originx="147.04724409449" originy="-118.11023622047" endx="147.04724409449" endy="-322.04724409448" width="3.9370078740157" />
    <line layer="TOP_SILKSCREEN" originx="147.04724409449" originy="-322.04724409448" endx="-47.047244094488" endy="-322.04724409448" width="3.9370078740157" />
    <line layer="TOP_SILKSCREEN" originx="-47.047244094488" originy="-322.04724409448" endx="-47.047244094488" endy="-118.11023622047" width="3.9370078740157" />
    <line layer="TOP_PLACE_BOUND" originx="-86.417322834645" originy="74.527559055117" endx="186.41732283464" endy="74.527559055117" width="3.9370078740157" />
    <line layer="TOP_PLACE_BOUND" originx="186.41732283464" originy="74.527559055117" endx="186.41732283464" endy="-361.41732283464" width="3.9370078740157" />
    <line layer="TOP_PLACE_BOUND" originx="186.41732283464" originy="-361.41732283464" endx="-86.417322834645" endy="-361.41732283464" width="3.9370078740157" />
    <line layer="TOP_PLACE_BOUND" originx="-86.417322834645" originy="-361.41732283464" endx="-86.417322834645" endy="74.527559055117" width="3.9370078740157" />
  </footprint>
  <symbol name="171857-4002" originx="0" originy="0">
    <line originx="200" originy="100" endx="600" endy="100" width="0" />
    <line originx="600" originy="-200" endx="600" endy="100" width="0" />
    <line originx="600" originy="-200" endx="200" endy="-200" width="0" />
    <line originx="200" originy="100" endx="200" endy="-200" width="0" />
    <sympin number="1" originx="200" originy="0" rotation="180" length="100" width="7.8740157480315" flipped="False">
      <text name="pinname" originx="230" originy="0" style="Default" rotation="0" justify="left" flipped="False" hidden="False" data="1" />
      <text name="pindes" originx="140" originy="20" style="Default" rotation="0" justify="lowerright" flipped="False" hidden="False" data="1" />
    </sympin>
    <sympin number="2" originx="200" originy="-100" rotation="180" length="100" width="7.8740157480315" flipped="False">
      <text name="pinname" originx="230" originy="-100" style="Default" rotation="0" justify="left" flipped="False" hidden="False" data="2" />
      <text name="pindes" originx="140" originy="-80" style="Default" rotation="0" justify="lowerright" flipped="False" hidden="False" data="2" />
    </sympin>
  </symbol>
  <component name="171857-4002" designatorprefix="J" height="259.84251968504" footprint="1718574002">
    <comppin designator="1" sympin="1" pinswap="0" gateswap="0" gate="1" group="1" side="" type="Any" name="1" />
    <comppin designator="2" sympin="2" pinswap="0" gateswap="0" gate="1" group="1" side="" type="Any" name="2" />
    <attached_symbol gate="1" name="171857-4002" />
    <pinmap designator="1" footprintpin="1" />
    <pinmap designator="2" footprintpin="2" />
    <text name="Datasheet" originx="0" originy="0" style="Default" rotation="0" justify="" flipped="False" hidden="True" data="https://componentsearchengine.com/Datasheets/1/171857-4002.pdf" />
    <text name="Description" originx="0" originy="0" style="Default" rotation="0" justify="" flipped="False" hidden="True" data="Headers &amp; Wire Housings KK RPC 254 Hdr FrLk R/A 02 Ckt 15Au T&amp;R" />
    <text name="Manufacturer_Name" originx="0" originy="0" style="Default" rotation="0" justify="" flipped="False" hidden="True" data="Molex" />
    <text name="Manufacturer_Part_Number" originx="650" originy="200" style="Default" rotation="0" justify="left" flipped="False" hidden="False" data="171857-4002" />
    <text name="Mouser Part Number" originx="0" originy="0" style="Default" rotation="0" justify="" flipped="False" hidden="True" data="538-171857-4002" />
    <text name="Mouser Price/Stock" originx="0" originy="0" style="Default" rotation="0" justify="" flipped="False" hidden="True" data="https://www.mouser.co.uk/ProductDetail/Molex/171857-4002?qs=v0t%252BUMfTP8OkFsdOsfcitg%3D%3D" />
    <text name="Arrow Part Number" originx="0" originy="0" style="Default" rotation="0" justify="" flipped="False" hidden="True" data="" />
    <text name="Arrow Price/Stock" originx="0" originy="0" style="Default" rotation="0" justify="" flipped="False" hidden="True" data="" />
    <text name="Mouser Testing Part Number" originx="0" originy="0" style="Default" rotation="0" justify="" flipped="False" hidden="True" data="" />
    <text name="Mouser Testing Price/Stock" originx="0" originy="0" style="Default" rotation="0" justify="" flipped="False" hidden="True" data="" />
  </component>
</quadcept_library>
