<?xml version="1.0" encoding="utf-8"?>
<!--/408736/1357958/2.50/2/5/Capacitor/-->
<quadcept_library>
  <setting unit="mil" />
  <textstyle name="Default" height="47.244094488189" strokewidth="7.8740157480315" charwidth="47.244094488189" />
  <textstyle name="Dimension" height="19.6850393700787" strokewidth="0" charwidth="19.6850393700787" />
  <textstyle name="H127W0635TH00762" height="50" strokewidth="3" charwidth="25" />
  <textstyle name="H15W15TH02" height="59.0551181102362" strokewidth="7.8740157480315" charwidth="59.0551181102362" />
  <padstyle name="r272_126" surface="True" plated="False" isvia="False" nopaste="False" nomask="True" complex="False" holesize="0">
    <padshape layer="TOP" shape="rectangle" width="49.606299212598" height="107.08661417323" />
    <padshape layer="TOP_SOLDER_MASK" shape="rectangle" width="57.480314960629" height="114.96062992126" />
    <padshape layer="TOP_SOLDER_PASTE" shape="rectangle" width="49.606299212598" height="107.08661417323" />
  </padstyle>
  <footprint name="CAPC3225X270N" originx="0" originy="0" pickpointx="0" pickpointy="0">
    <pcbpin number="1" name="1" style="r272_126" originx="-52.362204724409" originy="0" rotation="0" />
    <pcbpin number="2" name="2" style="r272_126" originx="52.362204724409" originy="0" rotation="0" />
    <line layer="TOP_PLACE_BOUND" originx="-83.070866141731" originy="59.448818897637" endx="83.070866141731" endy="59.448818897637" width="1.9685039370079" />
    <line layer="TOP_PLACE_BOUND" originx="83.070866141731" originy="59.448818897637" endx="83.070866141731" endy="-59.448818897637" width="1.9685039370079" />
    <line layer="TOP_PLACE_BOUND" originx="83.070866141731" originy="-59.448818897637" endx="-83.070866141731" endy="-59.448818897637" width="1.9685039370079" />
    <line layer="TOP_PLACE_BOUND" originx="-83.070866141731" originy="-59.448818897637" endx="-83.070866141731" endy="59.448818897637" width="1.9685039370079" />
    <line layer="TOP_ASSEMBLY" originx="-62.992125984251" originy="49.212598425196" endx="62.992125984251" endy="49.212598425196" width="3.9370078740157" />
    <line layer="TOP_ASSEMBLY" originx="62.992125984251" originy="49.212598425196" endx="62.992125984251" endy="-49.212598425196" width="3.9370078740157" />
    <line layer="TOP_ASSEMBLY" originx="62.992125984251" originy="-49.212598425196" endx="-62.992125984251" endy="-49.212598425196" width="3.9370078740157" />
    <line layer="TOP_ASSEMBLY" originx="-62.992125984251" originy="-49.212598425196" endx="-62.992125984251" endy="49.212598425196" width="3.9370078740157" />
    <line layer="TOP_SILKSCREEN" originx="0" originy="45.275590551181" endx="0" endy="-45.275590551181" width="7.8740157480314" />
  </footprint>
  <symbol name="GRM32ER61C476KE15K" originx="0" originy="0">
    <line originx="220" originy="100" endx="220" endy="-100" width="0" />
    <line originx="280" originy="100" endx="280" endy="-100" width="0" />
    <line originx="200" originy="0" endx="220" endy="0" width="0" />
    <line originx="280" originy="0" endx="300" endy="0" width="0" />
    <sympin number="1" originx="200" originy="0" rotation="180" length="100" width="7.8740157480315" flipped="False">
      <text name="pinname" originx="0" originy="-10" style="Default" rotation="0" justify="upperleft" flipped="False" hidden="True" data="1" />
      <text name="pindes" originx="0" originy="10" style="Default" rotation="0" justify="lowerleft" flipped="False" hidden="False" data="1" />
    </sympin>
    <sympin number="2" originx="300" originy="0" rotation="0" length="100" width="7.8740157480315" flipped="False">
      <text name="pinname" originx="500" originy="-10" style="Default" rotation="0" justify="upperright" flipped="False" hidden="True" data="2" />
      <text name="pindes" originx="500" originy="10" style="Default" rotation="0" justify="lowerright" flipped="False" hidden="False" data="2" />
    </sympin>
  </symbol>
  <component name="GRM32ER61C476KE15K" designatorprefix="C" height="106.29921259842" footprint="CAPC3225X270N">
    <comppin designator="1" sympin="1" pinswap="0" gateswap="0" gate="1" group="1" side="" type="Any" name="1" />
    <comppin designator="2" sympin="2" pinswap="0" gateswap="0" gate="1" group="1" side="" type="Any" name="2" />
    <attached_symbol gate="1" name="GRM32ER61C476KE15K" />
    <pinmap designator="1" footprintpin="1" />
    <pinmap designator="2" footprintpin="2" />
    <text name="Datasheet" originx="0" originy="0" style="Default" rotation="0" justify="" flipped="False" hidden="True" data="http://psearch.en.murata.com/capacitor/product/GRM32ER71E226KE15#.pdf" />
    <text name="Description" originx="0" originy="0" style="Default" rotation="0" justify="" flipped="False" hidden="True" data="Murata 1210 GRM 47uF Ceramic Multilayer Capacitor, 16 V, +85C, X5R Dielectric, +/-10% SMD" />
    <text name="Mouser Part Number" originx="0" originy="0" style="Default" rotation="0" justify="" flipped="False" hidden="True" data="81-GRM32ER61C476KE5K" />
    <text name="Mouser Price/Stock" originx="0" originy="0" style="Default" rotation="0" justify="" flipped="False" hidden="True" data="https://www.mouser.co.uk/ProductDetail/Murata-Electronics/GRM32ER61C476KE15K?qs=N3Kl9KD794Qv8YP5qllqqg%3D%3D" />
    <text name="Manufacturer_Name" originx="0" originy="0" style="Default" rotation="0" justify="" flipped="False" hidden="True" data="Murata Electronics" />
    <text name="Manufacturer_Part_Number" originx="350" originy="150" style="Default" rotation="0" justify="left" flipped="False" hidden="False" data="GRM32ER61C476KE15K" />
  </component>
</quadcept_library>
