<?xml version="1.0" encoding="utf-8"?>
<!--/1970138/1357958/2.50/17/4/Integrated Circuit/-->
<quadcept_library>
  <setting unit="mil" />
  <textstyle name="Default" height="47.244094488189" strokewidth="7.8740157480315" charwidth="47.244094488189" />
  <textstyle name="Dimension" height="19.6850393700787" strokewidth="0" charwidth="19.6850393700787" />
  <textstyle name="H127W0635TH00762" height="50" strokewidth="3" charwidth="25" />
  <textstyle name="H15W15TH02" height="59.0551181102362" strokewidth="7.8740157480315" charwidth="59.0551181102362" />
  <padstyle name="r80_45" surface="True" plated="False" isvia="False" nopaste="False" nomask="True" complex="False" holesize="0">
    <padshape layer="TOP" shape="rectangle" width="17.716535433071" height="31.496062992126" />
    <padshape layer="TOP_SOLDER_MASK" shape="rectangle" width="25.590551181102" height="39.370078740157" />
    <padshape layer="TOP_SOLDER_PASTE" shape="rectangle" width="17.716535433071" height="31.496062992126" />
  </padstyle>
  <padstyle name="r568_178" surface="True" plated="False" isvia="False" nopaste="False" nomask="True" complex="False" holesize="0">
    <padshape layer="TOP" shape="rectangle" width="70.078740157479" height="223.62204724409" />
    <padshape layer="TOP_SOLDER_MASK" shape="rectangle" width="77.952755905511" height="231.49606299212" />
    <padshape layer="TOP_SOLDER_PASTE" shape="rectangle" width="70.078740157479" height="223.62204724409" />
  </padstyle>
  <footprint name="LT8315EFEPBF" originx="0" originy="0" pickpointx="0" pickpointy="0">
    <pcbpin number="1" name="1" style="r80_45" originx="-115.15748031496" originy="-96.456692913385" rotation="0" />
    <pcbpin number="2" name="2" style="r80_45" originx="-89.566929133857" originy="-96.456692913385" rotation="0" />
    <pcbpin number="3" name="3" style="r80_45" originx="-63.976377952755" originy="-96.456692913385" rotation="0" />
    <pcbpin number="4" name="8" style="r80_45" originx="63.976377952755" originy="-96.456692913385" rotation="0" />
    <pcbpin number="5" name="9" style="r80_45" originx="89.566929133857" originy="-96.456692913385" rotation="0" />
    <pcbpin number="6" name="10" style="r80_45" originx="115.15748031496" originy="-96.456692913385" rotation="0" />
    <pcbpin number="7" name="11" style="r80_45" originx="115.15748031496" originy="131.88976377953" rotation="0" />
    <pcbpin number="8" name="12" style="r80_45" originx="89.566929133857" originy="131.88976377953" rotation="0" />
    <pcbpin number="9" name="13" style="r80_45" originx="63.976377952755" originy="131.88976377953" rotation="0" />
    <pcbpin number="10" name="14" style="r80_45" originx="38.385826771653" originy="131.88976377953" rotation="0" />
    <pcbpin number="11" name="15" style="r80_45" originx="12.795275590551" originy="131.88976377953" rotation="0" />
    <pcbpin number="12" name="16" style="r80_45" originx="-12.795275590551" originy="131.88976377953" rotation="0" />
    <pcbpin number="13" name="17" style="r80_45" originx="-38.385826771653" originy="131.88976377953" rotation="0" />
    <pcbpin number="14" name="18" style="r80_45" originx="-63.976377952755" originy="131.88976377953" rotation="0" />
    <pcbpin number="15" name="19" style="r80_45" originx="-89.566929133857" originy="131.88976377953" rotation="0" />
    <pcbpin number="16" name="20" style="r80_45" originx="-115.15748031496" originy="131.88976377953" rotation="0" />
    <pcbpin number="17" name="21" style="r568_178" originx="0" originy="36.220472440944" rotation="90" />
    <line layer="TOP_ASSEMBLY" originx="-127.95275590551" originy="104.33070866142" endx="127.95275590551" endy="104.33070866142" width="7.8740157480314" />
    <line layer="TOP_ASSEMBLY" originx="127.95275590551" originy="104.33070866142" endx="127.95275590551" endy="-68.897637795275" width="7.8740157480314" />
    <line layer="TOP_ASSEMBLY" originx="127.95275590551" originy="-68.897637795275" endx="-127.95275590551" endy="-68.897637795275" width="7.8740157480314" />
    <line layer="TOP_ASSEMBLY" originx="-127.95275590551" originy="-68.897637795275" endx="-127.95275590551" endy="104.33070866142" width="7.8740157480314" />
    <line layer="TOP_SILKSCREEN" originx="-127.95275590551" originy="104.33070866142" endx="127.95275590551" endy="104.33070866142" width="3.9370078740157" />
    <line layer="TOP_SILKSCREEN" originx="127.95275590551" originy="104.33070866142" endx="127.95275590551" endy="-68.897637795275" width="3.9370078740157" />
    <line layer="TOP_SILKSCREEN" originx="127.95275590551" originy="-68.897637795275" endx="-127.95275590551" endy="-68.897637795275" width="3.9370078740157" />
    <line layer="TOP_SILKSCREEN" originx="-127.95275590551" originy="-68.897637795275" endx="-127.95275590551" endy="104.33070866142" width="3.9370078740157" />
    <line layer="TOP_PLACE_BOUND" originx="-167.32283464567" originy="187.00787401575" endx="167.32283464567" endy="187.00787401575" width="3.9370078740157" />
    <line layer="TOP_PLACE_BOUND" originx="167.32283464567" originy="187.00787401575" endx="167.32283464567" endy="-171.25984251968" width="3.9370078740157" />
    <line layer="TOP_PLACE_BOUND" originx="167.32283464567" originy="-171.25984251968" endx="-167.32283464567" endy="-171.25984251968" width="3.9370078740157" />
    <line layer="TOP_PLACE_BOUND" originx="-167.32283464567" originy="-171.25984251968" endx="-167.32283464567" endy="187.00787401575" width="3.9370078740157" />
    <line layer="TOP_SILKSCREEN" originx="-118.11023622047" originy="-127.95275590551" endx="-118.11023622047" endy="-127.95275590551" width="7.8740157480314" />
    <arc layer="TOP_SILKSCREEN" originx="-114.17322834646" originy="-127.95275590551" startangle="180.0" sweepangle="-180.0" radius="3.9370078740157" width="7.8740157480314" />
    <line layer="TOP_SILKSCREEN" originx="-110.23622047244" originy="-127.95275590551" endx="-110.23622047244" endy="-127.95275590551" width="7.8740157480314" />
    <arc layer="TOP_SILKSCREEN" originx="-114.17322834646" originy="-127.95275590551" startangle=".0" sweepangle="-180.0" radius="3.9370078740157" width="7.8740157480314" />
  </footprint>
  <symbol name="LT8316EFE#PBF" originx="0" originy="0">
    <line originx="200" originy="100" endx="1200" endy="100" width="0" />
    <line originx="1200" originy="-900" endx="1200" endy="100" width="0" />
    <line originx="1200" originy="-900" endx="200" endy="-900" width="0" />
    <line originx="200" originy="100" endx="200" endy="-900" width="0" />
    <sympin number="1" originx="200" originy="0" rotation="180" length="100" width="7.8740157480315" flipped="False">
      <text name="pinname" originx="230" originy="0" style="Default" rotation="0" justify="left" flipped="False" hidden="False" data="VIN_1" />
      <text name="pindes" originx="140" originy="20" style="Default" rotation="0" justify="lowerright" flipped="False" hidden="False" data="1" />
    </sympin>
    <sympin number="2" originx="200" originy="-100" rotation="180" length="100" width="7.8740157480315" flipped="False">
      <text name="pinname" originx="230" originy="-100" style="Default" rotation="0" justify="left" flipped="False" hidden="False" data="VIN_2" />
      <text name="pindes" originx="140" originy="-80" style="Default" rotation="0" justify="lowerright" flipped="False" hidden="False" data="2" />
    </sympin>
    <sympin number="3" originx="200" originy="-200" rotation="180" length="100" width="7.8740157480315" flipped="False">
      <text name="pinname" originx="230" originy="-200" style="Default" rotation="0" justify="left" flipped="False" hidden="False" data="VIN_3" />
      <text name="pindes" originx="140" originy="-180" style="Default" rotation="0" justify="lowerright" flipped="False" hidden="False" data="3" />
    </sympin>
    <sympin number="8" originx="200" originy="-300" rotation="180" length="100" width="7.8740157480315" flipped="False">
      <text name="pinname" originx="230" originy="-300" style="Default" rotation="0" justify="left" flipped="False" hidden="False" data="INTVCC" />
      <text name="pindes" originx="140" originy="-280" style="Default" rotation="0" justify="lowerright" flipped="False" hidden="False" data="8" />
    </sympin>
    <sympin number="9" originx="200" originy="-400" rotation="180" length="100" width="7.8740157480315" flipped="False">
      <text name="pinname" originx="230" originy="-400" style="Default" rotation="0" justify="left" flipped="False" hidden="False" data="BIAS" />
      <text name="pindes" originx="140" originy="-380" style="Default" rotation="0" justify="lowerright" flipped="False" hidden="False" data="9" />
    </sympin>
    <sympin number="10" originx="200" originy="-500" rotation="180" length="100" width="7.8740157480315" flipped="False">
      <text name="pinname" originx="230" originy="-500" style="Default" rotation="0" justify="left" flipped="False" hidden="False" data="DCM" />
      <text name="pindes" originx="140" originy="-480" style="Default" rotation="0" justify="lowerright" flipped="False" hidden="False" data="10" />
    </sympin>
    <sympin number="11" originx="200" originy="-600" rotation="180" length="100" width="7.8740157480315" flipped="False">
      <text name="pinname" originx="230" originy="-600" style="Default" rotation="0" justify="left" flipped="False" hidden="False" data="TC" />
      <text name="pindes" originx="140" originy="-580" style="Default" rotation="0" justify="lowerright" flipped="False" hidden="False" data="11" />
    </sympin>
    <sympin number="12" originx="200" originy="-700" rotation="180" length="100" width="7.8740157480315" flipped="False">
      <text name="pinname" originx="230" originy="-700" style="Default" rotation="0" justify="left" flipped="False" hidden="False" data="FB" />
      <text name="pindes" originx="140" originy="-680" style="Default" rotation="0" justify="lowerright" flipped="False" hidden="False" data="12" />
    </sympin>
    <sympin number="13" originx="200" originy="-800" rotation="180" length="100" width="7.8740157480315" flipped="False">
      <text name="pinname" originx="230" originy="-800" style="Default" rotation="0" justify="left" flipped="False" hidden="False" data="VC" />
      <text name="pindes" originx="140" originy="-780" style="Default" rotation="0" justify="lowerright" flipped="False" hidden="False" data="13" />
    </sympin>
    <sympin number="14" originx="1200" originy="0" rotation="0" length="100" width="7.8740157480315" flipped="False">
      <text name="pinname" originx="1170" originy="0" style="Default" rotation="0" justify="right" flipped="False" hidden="False" data="IREG/SS" />
      <text name="pindes" originx="1260" originy="20" style="Default" rotation="0" justify="lowerleft" flipped="False" hidden="False" data="14" />
    </sympin>
    <sympin number="15" originx="1200" originy="-100" rotation="0" length="100" width="7.8740157480315" flipped="False">
      <text name="pinname" originx="1170" originy="-100" style="Default" rotation="0" justify="right" flipped="False" hidden="False" data="GND_1" />
      <text name="pindes" originx="1260" originy="-80" style="Default" rotation="0" justify="lowerleft" flipped="False" hidden="False" data="15" />
    </sympin>
    <sympin number="16" originx="1200" originy="-200" rotation="0" length="100" width="7.8740157480315" flipped="False">
      <text name="pinname" originx="1170" originy="-200" style="Default" rotation="0" justify="right" flipped="False" hidden="False" data="\SMODE" />
      <text name="pindes" originx="1260" originy="-180" style="Default" rotation="0" justify="lowerleft" flipped="False" hidden="False" data="16" />
    </sympin>
    <sympin number="17" originx="1200" originy="-300" rotation="0" length="100" width="7.8740157480315" flipped="False">
      <text name="pinname" originx="1170" originy="-300" style="Default" rotation="0" justify="right" flipped="False" hidden="False" data="EN/UVLO" />
      <text name="pindes" originx="1260" originy="-280" style="Default" rotation="0" justify="lowerleft" flipped="False" hidden="False" data="17" />
    </sympin>
    <sympin number="18" originx="1200" originy="-400" rotation="0" length="100" width="7.8740157480315" flipped="False">
      <text name="pinname" originx="1170" originy="-400" style="Default" rotation="0" justify="right" flipped="False" hidden="False" data="SENSE" />
      <text name="pindes" originx="1260" originy="-380" style="Default" rotation="0" justify="lowerleft" flipped="False" hidden="False" data="18" />
    </sympin>
    <sympin number="19" originx="1200" originy="-500" rotation="0" length="100" width="7.8740157480315" flipped="False">
      <text name="pinname" originx="1170" originy="-500" style="Default" rotation="0" justify="right" flipped="False" hidden="False" data="GATE" />
      <text name="pindes" originx="1260" originy="-480" style="Default" rotation="0" justify="lowerleft" flipped="False" hidden="False" data="19" />
    </sympin>
    <sympin number="20" originx="1200" originy="-600" rotation="0" length="100" width="7.8740157480315" flipped="False">
      <text name="pinname" originx="1170" originy="-600" style="Default" rotation="0" justify="right" flipped="False" hidden="False" data="GND_2" />
      <text name="pindes" originx="1260" originy="-580" style="Default" rotation="0" justify="lowerleft" flipped="False" hidden="False" data="20" />
    </sympin>
    <sympin number="21" originx="1200" originy="-700" rotation="0" length="100" width="7.8740157480315" flipped="False">
      <text name="pinname" originx="1170" originy="-700" style="Default" rotation="0" justify="right" flipped="False" hidden="False" data="GND_3" />
      <text name="pindes" originx="1260" originy="-680" style="Default" rotation="0" justify="lowerleft" flipped="False" hidden="False" data="21" />
    </sympin>
  </symbol>
  <component name="LT8316EFE#PBF" designatorprefix="IC" height="39.370078740157" footprint="LT8315EFEPBF">
    <comppin designator="1" sympin="1" pinswap="0" gateswap="0" gate="1" group="1" side="" type="Any" name="VIN_1" />
    <comppin designator="2" sympin="2" pinswap="0" gateswap="0" gate="1" group="1" side="" type="Any" name="VIN_2" />
    <comppin designator="3" sympin="3" pinswap="0" gateswap="0" gate="1" group="1" side="" type="Any" name="VIN_3" />
    <comppin designator="8" sympin="8" pinswap="0" gateswap="0" gate="1" group="1" side="" type="Any" name="INTVCC" />
    <comppin designator="9" sympin="9" pinswap="0" gateswap="0" gate="1" group="1" side="" type="Any" name="BIAS" />
    <comppin designator="10" sympin="10" pinswap="0" gateswap="0" gate="1" group="1" side="" type="Any" name="DCM" />
    <comppin designator="11" sympin="11" pinswap="0" gateswap="0" gate="1" group="1" side="" type="Any" name="TC" />
    <comppin designator="12" sympin="12" pinswap="0" gateswap="0" gate="1" group="1" side="" type="Any" name="FB" />
    <comppin designator="13" sympin="13" pinswap="0" gateswap="0" gate="1" group="1" side="" type="Any" name="VC" />
    <comppin designator="14" sympin="14" pinswap="0" gateswap="0" gate="1" group="1" side="" type="Any" name="IREG/SS" />
    <comppin designator="15" sympin="15" pinswap="0" gateswap="0" gate="1" group="1" side="" type="Any" name="GND_1" />
    <comppin designator="16" sympin="16" pinswap="0" gateswap="0" gate="1" group="1" side="" type="Any" name="|SMODE" />
    <comppin designator="17" sympin="17" pinswap="0" gateswap="0" gate="1" group="1" side="" type="Any" name="EN/UVLO" />
    <comppin designator="18" sympin="18" pinswap="0" gateswap="0" gate="1" group="1" side="" type="Any" name="SENSE" />
    <comppin designator="19" sympin="19" pinswap="0" gateswap="0" gate="1" group="1" side="" type="Any" name="GATE" />
    <comppin designator="20" sympin="20" pinswap="0" gateswap="0" gate="1" group="1" side="" type="Any" name="GND_2" />
    <comppin designator="21" sympin="21" pinswap="0" gateswap="0" gate="1" group="1" side="" type="Any" name="GND_3" />
    <attached_symbol gate="1" name="LT8316EFE#PBF" />
    <pinmap designator="1" footprintpin="1" />
    <pinmap designator="2" footprintpin="2" />
    <pinmap designator="3" footprintpin="3" />
    <pinmap designator="8" footprintpin="4" />
    <pinmap designator="9" footprintpin="5" />
    <pinmap designator="10" footprintpin="6" />
    <pinmap designator="11" footprintpin="7" />
    <pinmap designator="12" footprintpin="8" />
    <pinmap designator="13" footprintpin="9" />
    <pinmap designator="14" footprintpin="10" />
    <pinmap designator="15" footprintpin="11" />
    <pinmap designator="16" footprintpin="12" />
    <pinmap designator="17" footprintpin="13" />
    <pinmap designator="18" footprintpin="14" />
    <pinmap designator="19" footprintpin="15" />
    <pinmap designator="20" footprintpin="16" />
    <pinmap designator="21" footprintpin="17" />
    <text name="Datasheet" originx="0" originy="0" style="Default" rotation="0" justify="" flipped="False" hidden="True" data="https://www.analog.com/media/en/technical-documentation/data-sheets/LT8316.pdf" />
    <text name="Description" originx="0" originy="0" style="Default" rotation="0" justify="" flipped="False" hidden="True" data="Switching Controllers 600VIN Micropower, Isolated No-Opto Flyb" />
    <text name="Mouser Part Number" originx="0" originy="0" style="Default" rotation="0" justify="" flipped="False" hidden="True" data="584-LT8316EFE#PBF" />
    <text name="Mouser Price/Stock" originx="0" originy="0" style="Default" rotation="0" justify="" flipped="False" hidden="True" data="https://www.mouser.co.uk/ProductDetail/Analog-Devices/LT8316EFEPBF?qs=0lSvoLzn4L9vCHQJkSIf7Q%3D%3D" />
    <text name="Manufacturer_Name" originx="0" originy="0" style="Default" rotation="0" justify="" flipped="False" hidden="True" data="Analog Devices" />
    <text name="Manufacturer_Part_Number" originx="1250" originy="200" style="Default" rotation="0" justify="left" flipped="False" hidden="False" data="LT8316EFE#PBF" />
  </component>
</quadcept_library>
