<?xml version="1.0" encoding="utf-8"?>
<!--/638015/1357958/2.50/8/2/Connector/-->
<quadcept_library>
  <setting unit="mil" />
  <textstyle name="Default" height="47.244094488189" strokewidth="7.8740157480315" charwidth="47.244094488189" />
  <textstyle name="Dimension" height="19.6850393700787" strokewidth="0" charwidth="19.6850393700787" />
  <textstyle name="H127W0635TH00762" height="50" strokewidth="3" charwidth="25" />
  <textstyle name="H15W15TH02" height="59.0551181102362" strokewidth="7.8740157480315" charwidth="59.0551181102362" />
  <padstyle name="c135_h90" surface="False" plated="True" isvia="False" nopaste="True" nomask="True" complex="False" holesize="35.433070866141">
    <padshape layer="TOP" shape="round" width="53.149606299212" height="53.149606299212" />
    <padshape layer="TOP_SOLDER_MASK" shape="round" width="61.023622047243" height="61.023622047243" />
    <padshape layer="INNER" shape="round" width="53.149606299212" height="53.149606299212" />
    <padshape layer="BOTTOM" shape="round" width="53.149606299212" height="53.149606299212" />
    <padshape layer="BOTTOM_SOLDER_MASK" shape="round" width="61.023622047243" height="61.023622047243" />
  </padstyle>
  <padstyle name="s135_h90" surface="False" plated="True" isvia="False" nopaste="True" nomask="True" complex="False" holesize="35.433070866141">
    <padshape layer="TOP" shape="square" width="53.149606299212" height="53.149606299212" />
    <padshape layer="TOP_SOLDER_MASK" shape="square" width="61.023622047243" height="61.023622047243" />
    <padshape layer="INNER" shape="round" width="53.149606299212" height="53.149606299212" />
    <padshape layer="BOTTOM" shape="square" width="53.149606299212" height="53.149606299212" />
    <padshape layer="BOTTOM_SOLDER_MASK" shape="square" width="61.023622047243" height="61.023622047243" />
  </padstyle>
  <footprint name="SHDRRA8W50P0X254_1X8_2273X1359X741P" originx="0" originy="0" pickpointx="0" pickpointy="0">
    <pcbpin number="1" name="1" style="s135_h90" originx="0" originy="0" rotation="90" />
    <pcbpin number="2" name="2" style="c135_h90" originx="99.999999999999" originy="0" rotation="90" />
    <pcbpin number="3" name="3" style="c135_h90" originx="200" originy="0" rotation="90" />
    <pcbpin number="4" name="4" style="c135_h90" originx="300" originy="0" rotation="90" />
    <pcbpin number="5" name="5" style="c135_h90" originx="400" originy="0" rotation="90" />
    <pcbpin number="6" name="6" style="c135_h90" originx="499.99999999999" originy="0" rotation="90" />
    <pcbpin number="7" name="7" style="c135_h90" originx="599.99999999999" originy="0" rotation="90" />
    <pcbpin number="8" name="8" style="c135_h90" originx="699.99999999999" originy="0" rotation="90" />
    <line layer="TOP_PLACE_BOUND" originx="-111.02362204724" originy="-49.999999999999" endx="803.5433070866" endy="-49.999999999999" width="1.9685039370079" />
    <line layer="TOP_PLACE_BOUND" originx="803.5433070866" originy="-49.999999999999" endx="803.5433070866" endy="512.59842519684" width="1.9685039370079" />
    <line layer="TOP_PLACE_BOUND" originx="803.5433070866" originy="512.59842519684" endx="-111.02362204724" endy="512.59842519684" width="1.9685039370079" />
    <line layer="TOP_PLACE_BOUND" originx="-111.02362204724" originy="512.59842519684" endx="-111.02362204724" endy="-49.999999999999" width="1.9685039370079" />
    <line layer="TOP_ASSEMBLY" originx="-101.1811023622" originy="-40.15748031496" endx="-101.1811023622" endy="502.7559055118" width="3.9370078740157" />
    <line layer="TOP_ASSEMBLY" originx="-101.1811023622" originy="502.7559055118" endx="793.70078740157" endy="502.7559055118" width="3.9370078740157" />
    <line layer="TOP_ASSEMBLY" originx="793.70078740157" originy="502.7559055118" endx="793.70078740157" endy="-40.15748031496" width="3.9370078740157" />
    <line layer="TOP_ASSEMBLY" originx="793.70078740157" originy="-40.15748031496" endx="-101.1811023622" endy="-40.15748031496" width="3.9370078740157" />
    <line layer="TOP_SILKSCREEN" originx="-101.1811023622" originy="0" endx="-101.1811023622" endy="502.7559055118" width="7.8740157480314" />
    <line layer="TOP_SILKSCREEN" originx="-101.1811023622" originy="502.7559055118" endx="793.70078740157" endy="502.7559055118" width="7.8740157480314" />
    <line layer="TOP_SILKSCREEN" originx="793.70078740157" originy="502.7559055118" endx="793.70078740157" endy="-40.15748031496" width="7.8740157480314" />
  </footprint>
  <symbol name="5-103635-7" originx="0" originy="0">
    <line originx="200" originy="100" endx="600" endy="100" width="0" />
    <line originx="600" originy="-800" endx="600" endy="100" width="0" />
    <line originx="600" originy="-800" endx="200" endy="-800" width="0" />
    <line originx="200" originy="100" endx="200" endy="-800" width="0" />
    <sympin number="1" originx="200" originy="0" rotation="180" length="100" width="7.8740157480315" flipped="False">
      <text name="pinname" originx="230" originy="0" style="Default" rotation="0" justify="left" flipped="False" hidden="False" data="1" />
      <text name="pindes" originx="140" originy="20" style="Default" rotation="0" justify="lowerright" flipped="False" hidden="False" data="1" />
    </sympin>
    <sympin number="2" originx="200" originy="-100" rotation="180" length="100" width="7.8740157480315" flipped="False">
      <text name="pinname" originx="230" originy="-100" style="Default" rotation="0" justify="left" flipped="False" hidden="False" data="2" />
      <text name="pindes" originx="140" originy="-80" style="Default" rotation="0" justify="lowerright" flipped="False" hidden="False" data="2" />
    </sympin>
    <sympin number="3" originx="200" originy="-200" rotation="180" length="100" width="7.8740157480315" flipped="False">
      <text name="pinname" originx="230" originy="-200" style="Default" rotation="0" justify="left" flipped="False" hidden="False" data="3" />
      <text name="pindes" originx="140" originy="-180" style="Default" rotation="0" justify="lowerright" flipped="False" hidden="False" data="3" />
    </sympin>
    <sympin number="4" originx="200" originy="-300" rotation="180" length="100" width="7.8740157480315" flipped="False">
      <text name="pinname" originx="230" originy="-300" style="Default" rotation="0" justify="left" flipped="False" hidden="False" data="4" />
      <text name="pindes" originx="140" originy="-280" style="Default" rotation="0" justify="lowerright" flipped="False" hidden="False" data="4" />
    </sympin>
    <sympin number="5" originx="200" originy="-400" rotation="180" length="100" width="7.8740157480315" flipped="False">
      <text name="pinname" originx="230" originy="-400" style="Default" rotation="0" justify="left" flipped="False" hidden="False" data="5" />
      <text name="pindes" originx="140" originy="-380" style="Default" rotation="0" justify="lowerright" flipped="False" hidden="False" data="5" />
    </sympin>
    <sympin number="6" originx="200" originy="-500" rotation="180" length="100" width="7.8740157480315" flipped="False">
      <text name="pinname" originx="230" originy="-500" style="Default" rotation="0" justify="left" flipped="False" hidden="False" data="6" />
      <text name="pindes" originx="140" originy="-480" style="Default" rotation="0" justify="lowerright" flipped="False" hidden="False" data="6" />
    </sympin>
    <sympin number="7" originx="200" originy="-600" rotation="180" length="100" width="7.8740157480315" flipped="False">
      <text name="pinname" originx="230" originy="-600" style="Default" rotation="0" justify="left" flipped="False" hidden="False" data="7" />
      <text name="pindes" originx="140" originy="-580" style="Default" rotation="0" justify="lowerright" flipped="False" hidden="False" data="7" />
    </sympin>
    <sympin number="8" originx="200" originy="-700" rotation="180" length="100" width="7.8740157480315" flipped="False">
      <text name="pinname" originx="230" originy="-700" style="Default" rotation="0" justify="left" flipped="False" hidden="False" data="8" />
      <text name="pindes" originx="140" originy="-680" style="Default" rotation="0" justify="lowerright" flipped="False" hidden="False" data="8" />
    </sympin>
  </symbol>
  <component name="5-103635-7" designatorprefix="J" height="291.73228346456" footprint="SHDRRA8W50P0X254_1X8_2273X1359X741P">
    <comppin designator="1" sympin="1" pinswap="0" gateswap="0" gate="1" group="1" side="" type="Any" name="1" />
    <comppin designator="2" sympin="2" pinswap="0" gateswap="0" gate="1" group="1" side="" type="Any" name="2" />
    <comppin designator="3" sympin="3" pinswap="0" gateswap="0" gate="1" group="1" side="" type="Any" name="3" />
    <comppin designator="4" sympin="4" pinswap="0" gateswap="0" gate="1" group="1" side="" type="Any" name="4" />
    <comppin designator="5" sympin="5" pinswap="0" gateswap="0" gate="1" group="1" side="" type="Any" name="5" />
    <comppin designator="6" sympin="6" pinswap="0" gateswap="0" gate="1" group="1" side="" type="Any" name="6" />
    <comppin designator="7" sympin="7" pinswap="0" gateswap="0" gate="1" group="1" side="" type="Any" name="7" />
    <comppin designator="8" sympin="8" pinswap="0" gateswap="0" gate="1" group="1" side="" type="Any" name="8" />
    <attached_symbol gate="1" name="5-103635-7" />
    <pinmap designator="1" footprintpin="1" />
    <pinmap designator="2" footprintpin="2" />
    <pinmap designator="3" footprintpin="3" />
    <pinmap designator="4" footprintpin="4" />
    <pinmap designator="5" footprintpin="5" />
    <pinmap designator="6" footprintpin="6" />
    <pinmap designator="7" footprintpin="7" />
    <pinmap designator="8" footprintpin="8" />
    <text name="Datasheet" originx="0" originy="0" style="Default" rotation="0" justify="" flipped="False" hidden="True" data="https://www.te.com/commerce/DocumentDelivery/DDEController?Action=srchrtrv&amp;DocNm=4-1773458-0_AMPMODU_MTE_INTERCONNECT_SYS&amp;DocType=Data Sheet&amp;DocLang=English&amp;PartCntxt=5-103635-7&amp;DocFormat=pdf" />
    <text name="Description" originx="0" originy="0" style="Default" rotation="0" justify="" flipped="False" hidden="True" data="Body Features: Primary Product Color Black | Configuration Features: Number of Rows 1 | Number of Positions 8 | PCB Mount Orientation Right Angle | Contact Features: PCB Contact Termination Area Plating Material Thickness 2.54 MICM | Contact Type Pin | Mating Square Post Dimension .64 MM | Contact Mating Area Plating Material Thickness .381 MICM | Contact Shape &amp; Form Square | Mating Square Post Dimension .025 INCH | PCB Contact Termination Area Plating Material Finish Matte | Contact Mating Area Plating Ma" />
    <text name="Mouser Part Number" originx="0" originy="0" style="Default" rotation="0" justify="" flipped="False" hidden="True" data="571-5-103635-7" />
    <text name="Mouser Price/Stock" originx="0" originy="0" style="Default" rotation="0" justify="" flipped="False" hidden="True" data="https://www.mouser.co.uk/ProductDetail/TE-Connectivity-AMP/5-103635-7?qs=zx8qD9ablb2pkVx90XSXJA%3D%3D" />
    <text name="Manufacturer_Name" originx="0" originy="0" style="Default" rotation="0" justify="" flipped="False" hidden="True" data="TE Connectivity" />
    <text name="Manufacturer_Part_Number" originx="650" originy="200" style="Default" rotation="0" justify="left" flipped="False" hidden="False" data="5-103635-7" />
  </component>
</quadcept_library>
