<?xml version="1.0" encoding="utf-8"?>
<!--/238212/663195/2.49/6/3/Connector/-->
<quadcept_library>
  <setting unit="mil" />
  <textstyle name="Default" height="47.244094488189" strokewidth="7.8740157480315" charwidth="47.244094488189" />
  <textstyle name="Dimension" height="19.6850393700787" strokewidth="0" charwidth="19.6850393700787" />
  <textstyle name="H127W0635TH00762" height="50" strokewidth="3" charwidth="25" />
  <textstyle name="H15W15TH02" height="59.0551181102362" strokewidth="7.8740157480315" charwidth="59.0551181102362" />
  <padstyle name="c157.5_h105" surface="False" plated="True" isvia="False" nopaste="True" nomask="True" complex="False" holesize="41.338582677165">
    <padshape layer="TOP" shape="round" width="62.007874015747" height="62.007874015747" />
    <padshape layer="TOP_SOLDER_MASK" shape="round" width="69.881889763779" height="69.881889763779" />
    <padshape layer="INNER" shape="round" width="62.007874015747" height="62.007874015747" />
    <padshape layer="BOTTOM" shape="round" width="62.007874015747" height="62.007874015747" />
    <padshape layer="BOTTOM_SOLDER_MASK" shape="round" width="69.881889763779" height="69.881889763779" />
  </padstyle>
  <padstyle name="s157.5_h105" surface="False" plated="True" isvia="False" nopaste="True" nomask="True" complex="False" holesize="41.338582677165">
    <padshape layer="TOP" shape="square" width="62.007874015747" height="62.007874015747" />
    <padshape layer="TOP_SOLDER_MASK" shape="square" width="69.881889763779" height="69.881889763779" />
    <padshape layer="INNER" shape="round" width="62.007874015747" height="62.007874015747" />
    <padshape layer="BOTTOM" shape="square" width="62.007874015747" height="62.007874015747" />
    <padshape layer="BOTTOM_SOLDER_MASK" shape="square" width="69.881889763779" height="69.881889763779" />
  </padstyle>
  <footprint name="HDRV6W87P0X254_1X6_1509X635X1092P" originx="0" originy="0" pickpointx="0" pickpointy="0">
    <pcbpin number="1" name="1" style="s157.5_h105" originx="0" originy="0" rotation="90" />
    <pcbpin number="2" name="2" style="c157.5_h105" originx="99.999999999999" originy="0" rotation="90" />
    <pcbpin number="3" name="3" style="c157.5_h105" originx="200" originy="0" rotation="90" />
    <pcbpin number="4" name="4" style="c157.5_h105" originx="300" originy="0" rotation="90" />
    <pcbpin number="5" name="5" style="c157.5_h105" originx="400" originy="0" rotation="90" />
    <pcbpin number="6" name="6" style="c157.5_h105" originx="499.99999999999" originy="0" rotation="90" />
    <line layer="TOP_PLACE_BOUND" originx="-56.889763779527" originy="-139.76377952756" endx="-56.889763779527" endy="139.76377952756" width="1.9685039370079" />
    <line layer="TOP_PLACE_BOUND" originx="-56.889763779527" originy="139.76377952756" endx="556.88976377952" endy="139.76377952756" width="1.9685039370079" />
    <line layer="TOP_PLACE_BOUND" originx="556.88976377952" originy="139.76377952756" endx="556.88976377952" endy="-139.76377952756" width="1.9685039370079" />
    <line layer="TOP_PLACE_BOUND" originx="556.88976377952" originy="-139.76377952756" endx="-56.889763779527" endy="-139.76377952756" width="1.9685039370079" />
    <line layer="TOP_ASSEMBLY" originx="-47.047244094488" originy="-129.92125984252" endx="-47.047244094488" endy="129.92125984252" width="3.9370078740157" />
    <line layer="TOP_ASSEMBLY" originx="-47.047244094488" originy="129.92125984252" endx="547.04724409448" endy="129.92125984252" width="3.9370078740157" />
    <line layer="TOP_ASSEMBLY" originx="547.04724409448" originy="129.92125984252" endx="547.04724409448" endy="-129.92125984252" width="3.9370078740157" />
    <line layer="TOP_ASSEMBLY" originx="547.04724409448" originy="-129.92125984252" endx="-47.047244094488" endy="-129.92125984252" width="3.9370078740157" />
    <line layer="TOP_SILKSCREEN" originx="-47.047244094488" originy="0" endx="-47.047244094488" endy="-129.92125984252" width="7.8740157480314" />
    <line layer="TOP_SILKSCREEN" originx="-47.047244094488" originy="-129.92125984252" endx="547.04724409448" endy="-129.92125984252" width="7.8740157480314" />
    <line layer="TOP_SILKSCREEN" originx="547.04724409448" originy="-129.92125984252" endx="547.04724409448" endy="129.92125984252" width="7.8740157480314" />
    <line layer="TOP_SILKSCREEN" originx="547.04724409448" originy="129.92125984252" endx="0" endy="129.92125984252" width="7.8740157480314" />
  </footprint>
  <symbol name="22-11-2062" originx="0" originy="0">
    <line originx="200" originy="100" endx="600" endy="100" width="0" />
    <line originx="600" originy="-600" endx="600" endy="100" width="0" />
    <line originx="600" originy="-600" endx="200" endy="-600" width="0" />
    <line originx="200" originy="100" endx="200" endy="-600" width="0" />
    <sympin number="1" originx="200" originy="0" rotation="180" length="100" width="7.8740157480315" flipped="False">
      <text name="pinname" originx="230" originy="0" style="Default" rotation="0" justify="left" flipped="False" hidden="False" data="1" />
      <text name="pindes" originx="140" originy="20" style="Default" rotation="0" justify="lowerright" flipped="False" hidden="False" data="1" />
    </sympin>
    <sympin number="2" originx="200" originy="-100" rotation="180" length="100" width="7.8740157480315" flipped="False">
      <text name="pinname" originx="230" originy="-100" style="Default" rotation="0" justify="left" flipped="False" hidden="False" data="2" />
      <text name="pindes" originx="140" originy="-80" style="Default" rotation="0" justify="lowerright" flipped="False" hidden="False" data="2" />
    </sympin>
    <sympin number="3" originx="200" originy="-200" rotation="180" length="100" width="7.8740157480315" flipped="False">
      <text name="pinname" originx="230" originy="-200" style="Default" rotation="0" justify="left" flipped="False" hidden="False" data="3" />
      <text name="pindes" originx="140" originy="-180" style="Default" rotation="0" justify="lowerright" flipped="False" hidden="False" data="3" />
    </sympin>
    <sympin number="4" originx="200" originy="-300" rotation="180" length="100" width="7.8740157480315" flipped="False">
      <text name="pinname" originx="230" originy="-300" style="Default" rotation="0" justify="left" flipped="False" hidden="False" data="4" />
      <text name="pindes" originx="140" originy="-280" style="Default" rotation="0" justify="lowerright" flipped="False" hidden="False" data="4" />
    </sympin>
    <sympin number="5" originx="200" originy="-400" rotation="180" length="100" width="7.8740157480315" flipped="False">
      <text name="pinname" originx="230" originy="-400" style="Default" rotation="0" justify="left" flipped="False" hidden="False" data="5" />
      <text name="pindes" originx="140" originy="-380" style="Default" rotation="0" justify="lowerright" flipped="False" hidden="False" data="5" />
    </sympin>
    <sympin number="6" originx="200" originy="-500" rotation="180" length="100" width="7.8740157480315" flipped="False">
      <text name="pinname" originx="230" originy="-500" style="Default" rotation="0" justify="left" flipped="False" hidden="False" data="6" />
      <text name="pindes" originx="140" originy="-480" style="Default" rotation="0" justify="lowerright" flipped="False" hidden="False" data="6" />
    </sympin>
  </symbol>
  <component name="22-11-2062" designatorprefix="J" height="429.92125984251" footprint="HDRV6W87P0X254_1X6_1509X635X1092P">
    <comppin designator="1" sympin="1" pinswap="0" gateswap="0" gate="1" group="1" side="" type="Any" name="1" />
    <comppin designator="2" sympin="2" pinswap="0" gateswap="0" gate="1" group="1" side="" type="Any" name="2" />
    <comppin designator="3" sympin="3" pinswap="0" gateswap="0" gate="1" group="1" side="" type="Any" name="3" />
    <comppin designator="4" sympin="4" pinswap="0" gateswap="0" gate="1" group="1" side="" type="Any" name="4" />
    <comppin designator="5" sympin="5" pinswap="0" gateswap="0" gate="1" group="1" side="" type="Any" name="5" />
    <comppin designator="6" sympin="6" pinswap="0" gateswap="0" gate="1" group="1" side="" type="Any" name="6" />
    <attached_symbol gate="1" name="22-11-2062" />
    <pinmap designator="1" footprintpin="1" />
    <pinmap designator="2" footprintpin="2" />
    <pinmap designator="3" footprintpin="3" />
    <pinmap designator="4" footprintpin="4" />
    <pinmap designator="5" footprintpin="5" />
    <pinmap designator="6" footprintpin="6" />
    <text name="Datasheet" originx="0" originy="0" style="Default" rotation="0" justify="" flipped="False" hidden="True" data="http://www.molex.com/pdm_docs/sd/022112062_sd.pdf" />
    <text name="Description" originx="0" originy="0" style="Default" rotation="0" justify="" flipped="False" hidden="True" data="2.54mm,header,KK,vert,Au,frictn lock,6w Molex KK Series, Series Number 6373, 2.54mm Pitch 6 Way 1 Row Straight PCB Header, Solder Termination" />
    <text name="Manufacturer_Name" originx="0" originy="0" style="Default" rotation="0" justify="" flipped="False" hidden="True" data="Molex" />
    <text name="Manufacturer_Part_Number" originx="650" originy="200" style="Default" rotation="0" justify="left" flipped="False" hidden="False" data="22-11-2062" />
    <text name="Mouser Part Number" originx="0" originy="0" style="Default" rotation="0" justify="" flipped="False" hidden="True" data="538-22-11-2062" />
    <text name="Mouser Price/Stock" originx="0" originy="0" style="Default" rotation="0" justify="" flipped="False" hidden="True" data="https://www.mouser.co.uk/ProductDetail/Molex/22-11-2062?qs=P7cO%252B%252BFDLzRTJGp6b0JM3g%3D%3D" />
    <text name="Arrow Part Number" originx="0" originy="0" style="Default" rotation="0" justify="" flipped="False" hidden="True" data="" />
    <text name="Arrow Price/Stock" originx="0" originy="0" style="Default" rotation="0" justify="" flipped="False" hidden="True" data="" />
    <text name="Mouser Testing Part Number" originx="0" originy="0" style="Default" rotation="0" justify="" flipped="False" hidden="True" data="" />
    <text name="Mouser Testing Price/Stock" originx="0" originy="0" style="Default" rotation="0" justify="" flipped="False" hidden="True" data="" />
  </component>
</quadcept_library>
