<?xml version="1.0" encoding="utf-8"?>
<!--/380298/663195/2.49/3/2/Power Supply/-->
<quadcept_library>
  <setting unit="mil" />
  <textstyle name="Default" height="47.244094488189" strokewidth="7.8740157480315" charwidth="47.244094488189" />
  <textstyle name="Dimension" height="19.6850393700787" strokewidth="0" charwidth="19.6850393700787" />
  <textstyle name="H127W0635TH00762" height="50" strokewidth="3" charwidth="25" />
  <textstyle name="H15W15TH02" height="59.0551181102362" strokewidth="7.8740157480315" charwidth="59.0551181102362" />
  <padstyle name="c135_h85" surface="False" plated="True" isvia="False" nopaste="True" nomask="True" complex="False" holesize="33.464566929133">
    <padshape layer="TOP" shape="round" width="53.149606299212" height="53.149606299212" />
    <padshape layer="TOP_SOLDER_MASK" shape="round" width="61.023622047243" height="61.023622047243" />
    <padshape layer="INNER" shape="round" width="53.149606299212" height="53.149606299212" />
    <padshape layer="BOTTOM" shape="round" width="53.149606299212" height="53.149606299212" />
    <padshape layer="BOTTOM_SOLDER_MASK" shape="round" width="61.023622047243" height="61.023622047243" />
  </padstyle>
  <footprint name="TSR-2" originx="0" originy="0" pickpointx="0" pickpointy="0">
    <pcbpin number="1" name="1" style="c135_h85" originx="177.16535433071" originy="-153.14960629921" rotation="90" />
    <pcbpin number="2" name="2" style="c135_h85" originx="277.16535433071" originy="-153.14960629921" rotation="90" />
    <pcbpin number="3" name="3" style="c135_h85" originx="377.1653543307" originy="-153.14960629921" rotation="90" />
    <line layer="TOP_ASSEMBLY" originx="0" originy="0" endx="551.1811023622" endy="0" width="9.9999999999999" />
    <line layer="TOP_ASSEMBLY" originx="551.1811023622" originy="0" endx="551.1811023622" endy="-295.27559055118" width="9.9999999999999" />
    <line layer="TOP_ASSEMBLY" originx="551.1811023622" originy="-295.27559055118" endx="0" endy="-295.27559055118" width="9.9999999999999" />
    <line layer="TOP_ASSEMBLY" originx="0" originy="-295.27559055118" endx="0" endy="0" width="9.9999999999999" />
    <line layer="TOP_SILKSCREEN" originx="0" originy="-295.27559055118" endx="0" endy="0" width="9.9999999999999" />
    <line layer="TOP_SILKSCREEN" originx="0" originy="0" endx="551.1811023622" endy="0" width="9.9999999999999" />
    <line layer="TOP_SILKSCREEN" originx="551.1811023622" originy="0" endx="551.1811023622" endy="-295.27559055118" width="9.9999999999999" />
    <line layer="TOP_SILKSCREEN" originx="551.1811023622" originy="-295.27559055118" endx="0" endy="-295.27559055118" width="9.9999999999999" />
    <arc layer="TOP_SILKSCREEN" originx="-33.149606299212" originy="-153.38582677165" startangle="180" sweepangle="180" radius="4.4629921259842" width="9.9999999999999" />
    <arc layer="TOP_SILKSCREEN" originx="-33.149606299212" originy="-153.38582677165" startangle="180" sweepangle="-180" radius="4.4629921259842" width="9.9999999999999" />
  </footprint>
  <symbol name="TSR_2-2450" originx="0" originy="0">
    <line originx="200" originy="100" endx="800" endy="100" width="0" />
    <line originx="800" originy="-300" endx="800" endy="100" width="0" />
    <line originx="800" originy="-300" endx="200" endy="-300" width="0" />
    <line originx="200" originy="100" endx="200" endy="-300" width="0" />
    <sympin number="1" originx="200" originy="0" rotation="180" length="100" width="7.8740157480315" flipped="False">
      <text name="pinname" originx="230" originy="0" style="Default" rotation="0" justify="left" flipped="False" hidden="False" data="+VIN" />
      <text name="pindes" originx="140" originy="20" style="Default" rotation="0" justify="lowerright" flipped="False" hidden="False" data="1" />
    </sympin>
    <sympin number="2" originx="200" originy="-100" rotation="180" length="100" width="7.8740157480315" flipped="False">
      <text name="pinname" originx="230" originy="-100" style="Default" rotation="0" justify="left" flipped="False" hidden="False" data="GND" />
      <text name="pindes" originx="140" originy="-80" style="Default" rotation="0" justify="lowerright" flipped="False" hidden="False" data="2" />
    </sympin>
    <sympin number="3" originx="200" originy="-200" rotation="180" length="100" width="7.8740157480315" flipped="False">
      <text name="pinname" originx="230" originy="-200" style="Default" rotation="0" justify="left" flipped="False" hidden="False" data="+VOUT" />
      <text name="pindes" originx="140" originy="-180" style="Default" rotation="0" justify="lowerright" flipped="False" hidden="False" data="3" />
    </sympin>
  </symbol>
  <component name="TSR_2-2450" designatorprefix="PS" height="0" footprint="TSR-2">
    <comppin designator="1" sympin="1" pinswap="0" gateswap="0" gate="1" group="1" side="" type="Input" name="+VIN" />
    <comppin designator="2" sympin="2" pinswap="0" gateswap="0" gate="1" group="1" side="" type="Ground" name="GND" />
    <comppin designator="3" sympin="3" pinswap="0" gateswap="0" gate="1" group="1" side="" type="Output" name="+VOUT" />
    <attached_symbol gate="1" name="TSR_2-2450" />
    <pinmap designator="1" footprintpin="1" />
    <pinmap designator="2" footprintpin="2" />
    <pinmap designator="3" footprintpin="3" />
    <text name="Datasheet" originx="0" originy="0" style="Default" rotation="0" justify="" flipped="False" hidden="True" data="https://tracopower.com/tsr2-datasheet/" />
    <text name="Description" originx="0" originy="0" style="Default" rotation="0" justify="" flipped="False" hidden="True" data="2 Amp POL switching regulator, 3.0 to -36 VDC input, pos.-pos. circuit, LM78 compatible, SIP-3" />
    <text name="Manufacturer_Name" originx="0" originy="0" style="Default" rotation="0" justify="" flipped="False" hidden="True" data="Traco Power" />
    <text name="Manufacturer_Part_Number" originx="850" originy="200" style="Default" rotation="0" justify="left" flipped="False" hidden="False" data="TSR 2-2450" />
    <text name="Mouser Part Number" originx="0" originy="0" style="Default" rotation="0" justify="" flipped="False" hidden="True" data="495-TSR2-2450" />
    <text name="Mouser Price/Stock" originx="0" originy="0" style="Default" rotation="0" justify="" flipped="False" hidden="True" data="https://www.mouser.co.uk/ProductDetail/TRACO-Power/TSR-2-2450?qs=NtE2QagKf6RzknAolzm%2FTQ%3D%3D" />
    <text name="Arrow Part Number" originx="0" originy="0" style="Default" rotation="0" justify="" flipped="False" hidden="True" data="" />
    <text name="Arrow Price/Stock" originx="0" originy="0" style="Default" rotation="0" justify="" flipped="False" hidden="True" data="" />
    <text name="Mouser Testing Part Number" originx="0" originy="0" style="Default" rotation="0" justify="" flipped="False" hidden="True" data="" />
    <text name="Mouser Testing Price/Stock" originx="0" originy="0" style="Default" rotation="0" justify="" flipped="False" hidden="True" data="" />
  </component>
</quadcept_library>
