<?xml version="1.0" encoding="utf-8"?>
<!--/11591537/663195/2.50/9/2/Power Supply/-->
<quadcept_library>
  <setting unit="mil" />
  <textstyle name="Default" height="47.244094488189" strokewidth="7.8740157480315" charwidth="47.244094488189" />
  <textstyle name="Dimension" height="19.6850393700787" strokewidth="0" charwidth="19.6850393700787" />
  <textstyle name="H127W0635TH00762" height="50" strokewidth="3" charwidth="25" />
  <textstyle name="H15W15TH02" height="59.0551181102362" strokewidth="7.8740157480315" charwidth="59.0551181102362" />
  <padstyle name="c255_h170" surface="False" plated="True" isvia="False" nopaste="True" nomask="True" complex="False" holesize="66.929133858267">
    <padshape layer="TOP" shape="round" width="100.3937007874" height="100.3937007874" />
    <padshape layer="TOP_SOLDER_MASK" shape="round" width="108.26771653543" height="108.26771653543" />
    <padshape layer="INNER" shape="round" width="100.3937007874" height="100.3937007874" />
    <padshape layer="BOTTOM" shape="round" width="100.3937007874" height="100.3937007874" />
    <padshape layer="BOTTOM_SOLDER_MASK" shape="round" width="108.26771653543" height="108.26771653543" />
  </padstyle>
  <padstyle name="s255_h170" surface="False" plated="True" isvia="False" nopaste="True" nomask="True" complex="False" holesize="66.929133858267">
    <padshape layer="TOP" shape="square" width="100.3937007874" height="100.3937007874" />
    <padshape layer="TOP_SOLDER_MASK" shape="square" width="108.26771653543" height="108.26771653543" />
    <padshape layer="INNER" shape="square" width="100.3937007874" height="100.3937007874" />
    <padshape layer="BOTTOM" shape="square" width="100.3937007874" height="100.3937007874" />
    <padshape layer="BOTTOM_SOLDER_MASK" shape="square" width="108.26771653543" height="108.26771653543" />
  </padstyle>
  <padstyle name="c525_h350" surface="False" plated="True" isvia="False" nopaste="True" nomask="True" complex="False" holesize="137.79527559055">
    <padshape layer="TOP" shape="round" width="206.69291338582" height="206.69291338582" />
    <padshape layer="TOP_SOLDER_MASK" shape="round" width="214.56692913386" height="214.56692913386" />
    <padshape layer="INNER" shape="round" width="206.69291338582" height="206.69291338582" />
    <padshape layer="BOTTOM" shape="round" width="206.69291338582" height="206.69291338582" />
    <padshape layer="BOTTOM_SOLDER_MASK" shape="round" width="214.56692913386" height="214.56692913386" />
  </padstyle>
  <footprint name="AE40UWS12" originx="0" originy="0" pickpointx="0" pickpointy="0">
    <pcbpin number="1" name="1" style="s255_h170" originx="0" originy="0" rotation="90" />
    <pcbpin number="2" name="2" style="c255_h170" originx="0" originy="-1600" rotation="90" />
    <pcbpin number="3" name="3" style="c255_h170" originx="4399.9999999999" originy="-1600" rotation="90" />
    <pcbpin number="4" name="4" style="c255_h170" originx="4399.9999999999" originy="-400" rotation="90" />
    <pcbpin number="5" name="5" style="c255_h170" originx="4399.9999999999" originy="0" rotation="90" />
    <pcbpin number="6" name="MH1" style="c525_h350" originx="-73.622047244094" originy="489.37007874015" rotation="90" />
    <pcbpin number="7" name="MH2" style="c525_h350" originx="-73.622047244094" originy="-2089.3700787401" rotation="90" />
    <pcbpin number="8" name="MH3" style="c525_h350" originx="4473.622047244" originy="-2089.3700787401" rotation="90" />
    <pcbpin number="9" name="MH4" style="c525_h350" originx="4473.622047244" originy="489.37007874015" rotation="90" />
    <line layer="TOP_ASSEMBLY" originx="-260.62992125984" originy="676.3779527559" endx="4660.6299212598" endy="676.3779527559" width="3.9370078740157" />
    <line layer="TOP_ASSEMBLY" originx="4660.6299212598" originy="676.3779527559" endx="4660.6299212598" endy="-2276.3779527559" width="3.9370078740157" />
    <line layer="TOP_ASSEMBLY" originx="4660.6299212598" originy="-2276.3779527559" endx="-260.62992125984" endy="-2276.3779527559" width="3.9370078740157" />
    <line layer="TOP_ASSEMBLY" originx="-260.62992125984" originy="-2276.3779527559" endx="-260.62992125984" endy="676.3779527559" width="3.9370078740157" />
    <line layer="TOP_PLACE_BOUND" originx="-300" originy="-2315.748031496" endx="4699.9999999999" endy="-2315.748031496" width="3.9370078740157" />
    <line layer="TOP_PLACE_BOUND" originx="4699.9999999999" originy="-2315.748031496" endx="4699.9999999999" endy="715.74803149605" width="3.9370078740157" />
    <line layer="TOP_PLACE_BOUND" originx="4699.9999999999" originy="715.74803149605" endx="-300" endy="715.74803149605" width="3.9370078740157" />
    <line layer="TOP_PLACE_BOUND" originx="-300" originy="715.74803149605" endx="-300" endy="-2315.748031496" width="3.9370078740157" />
    <line layer="TOP_SILKSCREEN" originx="-260.62992125984" originy="676.3779527559" endx="-260.62992125984" endy="-2276.3779527559" width="7.8740157480314" />
    <line layer="TOP_SILKSCREEN" originx="-260.62992125984" originy="-2276.3779527559" endx="4660.6299212598" endy="-2276.3779527559" width="7.8740157480314" />
    <line layer="TOP_SILKSCREEN" originx="4660.6299212598" originy="-2276.3779527559" endx="4660.6299212598" endy="676.3779527559" width="7.8740157480314" />
    <line layer="TOP_SILKSCREEN" originx="4660.6299212598" originy="676.3779527559" endx="-260.62992125984" endy="676.3779527559" width="7.8740157480314" />
    <line layer="TOP_SILKSCREEN" originx="-260.62992125984" originy="676.3779527559" endx="-256.69291338582" endy="676.3779527559" width="7.8740157480314" />
    <line layer="TOP_SILKSCREEN" originx="-283.46456692913" originy="0" endx="-283.46456692913" endy="0" width="3.9370078740157" />
    <arc layer="TOP_SILKSCREEN" originx="-285.43307086614" originy="0" startangle="180.0" sweepangle="180.0" radius="-1.9685039370079" width="3.9370078740157" />
    <line layer="TOP_SILKSCREEN" originx="-279.52755905511" originy="0" endx="-279.52755905511" endy="0" width="3.9370078740157" />
    <arc layer="TOP_SILKSCREEN" originx="-285.43307086614" originy="0" startangle=".0" sweepangle="180.0" radius="-1.9685039370079" width="3.9370078740157" />
    <line layer="TOP_SILKSCREEN" originx="-283.46456692913" originy="0" endx="-283.46456692913" endy="0" width="3.9370078740157" />
    <arc layer="TOP_SILKSCREEN" originx="-285.43307086614" originy="0" startangle="180.0" sweepangle="180.0" radius="-1.9685039370079" width="3.9370078740157" />
  </footprint>
  <symbol name="AE40-UW-S12" originx="0" originy="0">
    <line originx="200" originy="100" endx="900" endy="100" width="0" />
    <line originx="900" originy="-500" endx="900" endy="100" width="0" />
    <line originx="900" originy="-500" endx="200" endy="-500" width="0" />
    <line originx="200" originy="100" endx="200" endy="-500" width="0" />
    <sympin number="1" originx="200" originy="0" rotation="180" length="100" width="7.8740157480315" flipped="False">
      <text name="pinname" originx="230" originy="0" style="Default" rotation="0" justify="left" flipped="False" hidden="False" data="-VIN" />
      <text name="pindes" originx="140" originy="20" style="Default" rotation="0" justify="lowerright" flipped="False" hidden="False" data="1" />
    </sympin>
    <sympin number="2" originx="200" originy="-100" rotation="180" length="100" width="7.8740157480315" flipped="False">
      <text name="pinname" originx="230" originy="-100" style="Default" rotation="0" justify="left" flipped="False" hidden="False" data="+VIN" />
      <text name="pindes" originx="140" originy="-80" style="Default" rotation="0" justify="lowerright" flipped="False" hidden="False" data="2" />
    </sympin>
    <sympin number="3" originx="200" originy="-200" rotation="180" length="100" width="7.8740157480315" flipped="False">
      <text name="pinname" originx="230" originy="-200" style="Default" rotation="0" justify="left" flipped="False" hidden="False" data="NC" />
      <text name="pindes" originx="140" originy="-180" style="Default" rotation="0" justify="lowerright" flipped="False" hidden="False" data="3" />
    </sympin>
    <sympin number="4" originx="200" originy="-300" rotation="180" length="100" width="7.8740157480315" flipped="False">
      <text name="pinname" originx="230" originy="-300" style="Default" rotation="0" justify="left" flipped="False" hidden="False" data="-VOUT" />
      <text name="pindes" originx="140" originy="-280" style="Default" rotation="0" justify="lowerright" flipped="False" hidden="False" data="4" />
    </sympin>
    <sympin number="5" originx="200" originy="-400" rotation="180" length="100" width="7.8740157480315" flipped="False">
      <text name="pinname" originx="230" originy="-400" style="Default" rotation="0" justify="left" flipped="False" hidden="False" data="+VOUT" />
      <text name="pindes" originx="140" originy="-380" style="Default" rotation="0" justify="lowerright" flipped="False" hidden="False" data="5" />
    </sympin>
    <sympin number="6" originx="900" originy="0" rotation="0" length="100" width="7.8740157480315" flipped="False">
      <text name="pinname" originx="870" originy="0" style="Default" rotation="0" justify="right" flipped="False" hidden="False" data="MH1" />
      <text name="pindes" originx="960" originy="20" style="Default" rotation="0" justify="lowerleft" flipped="False" hidden="False" data="MH1" />
    </sympin>
    <sympin number="7" originx="900" originy="-100" rotation="0" length="100" width="7.8740157480315" flipped="False">
      <text name="pinname" originx="870" originy="-100" style="Default" rotation="0" justify="right" flipped="False" hidden="False" data="MH2" />
      <text name="pindes" originx="960" originy="-80" style="Default" rotation="0" justify="lowerleft" flipped="False" hidden="False" data="MH2" />
    </sympin>
    <sympin number="8" originx="900" originy="-200" rotation="0" length="100" width="7.8740157480315" flipped="False">
      <text name="pinname" originx="870" originy="-200" style="Default" rotation="0" justify="right" flipped="False" hidden="False" data="MH3" />
      <text name="pindes" originx="960" originy="-180" style="Default" rotation="0" justify="lowerleft" flipped="False" hidden="False" data="MH3" />
    </sympin>
    <sympin number="9" originx="900" originy="-300" rotation="0" length="100" width="7.8740157480315" flipped="False">
      <text name="pinname" originx="870" originy="-300" style="Default" rotation="0" justify="right" flipped="False" hidden="False" data="MH4" />
      <text name="pindes" originx="960" originy="-280" style="Default" rotation="0" justify="lowerleft" flipped="False" hidden="False" data="MH4" />
    </sympin>
  </symbol>
  <component name="AE40-UW-S12" designatorprefix="PS" height="1594.4881889764" footprint="AE40UWS12">
    <comppin designator="1" sympin="1" pinswap="0" gateswap="0" gate="1" group="1" side="" type="Any" name="-VIN" />
    <comppin designator="2" sympin="2" pinswap="0" gateswap="0" gate="1" group="1" side="" type="Any" name="+VIN" />
    <comppin designator="3" sympin="3" pinswap="0" gateswap="0" gate="1" group="1" side="" type="Any" name="NC" />
    <comppin designator="4" sympin="4" pinswap="0" gateswap="0" gate="1" group="1" side="" type="Any" name="-VOUT" />
    <comppin designator="5" sympin="5" pinswap="0" gateswap="0" gate="1" group="1" side="" type="Any" name="+VOUT" />
    <comppin designator="MH1" sympin="6" pinswap="0" gateswap="0" gate="1" group="1" side="" type="Any" name="MH1" />
    <comppin designator="MH2" sympin="7" pinswap="0" gateswap="0" gate="1" group="1" side="" type="Any" name="MH2" />
    <comppin designator="MH3" sympin="8" pinswap="0" gateswap="0" gate="1" group="1" side="" type="Any" name="MH3" />
    <comppin designator="MH4" sympin="9" pinswap="0" gateswap="0" gate="1" group="1" side="" type="Any" name="MH4" />
    <attached_symbol gate="1" name="AE40-UW-S12" />
    <pinmap designator="1" footprintpin="1" />
    <pinmap designator="2" footprintpin="2" />
    <pinmap designator="3" footprintpin="3" />
    <pinmap designator="4" footprintpin="4" />
    <pinmap designator="5" footprintpin="5" />
    <pinmap designator="MH1" footprintpin="6" />
    <pinmap designator="MH2" footprintpin="7" />
    <pinmap designator="MH3" footprintpin="8" />
    <pinmap designator="MH4" footprintpin="9" />
    <text name="Datasheet" originx="0" originy="0" style="Default" rotation="0" justify="" flipped="False" hidden="True" data="https://4donline.ihs.com/images/VipMasterIC/IC/CUIS/CUIS-S-A0016126072/CUIS-S-A0016126072-1.pdf?hkey=EF798316E3902B6ED9A73243A3159BB0" />
    <text name="Description" originx="0" originy="0" style="Default" rotation="0" justify="" flipped="False" hidden="True" data="Isolated DC/DC Converters - Through Hole 200-1500Vin12V 3.33A 40W Iso Reg DIP" />
    <text name="Manufacturer_Name" originx="0" originy="0" style="Default" rotation="0" justify="" flipped="False" hidden="True" data="CUI Inc." />
    <text name="Manufacturer_Part_Number" originx="950" originy="200" style="Default" rotation="0" justify="left" flipped="False" hidden="False" data="AE40-UW-S12" />
    <text name="Mouser Part Number" originx="0" originy="0" style="Default" rotation="0" justify="" flipped="False" hidden="True" data="490-AE40-UW-S12" />
    <text name="Mouser Price/Stock" originx="0" originy="0" style="Default" rotation="0" justify="" flipped="False" hidden="True" data="https://www.mouser.co.uk/ProductDetail/CUI-Inc/AE40-UW-S12?qs=f9yNj16SXrIfTv9jjRHLaw%3D%3D" />
    <text name="Arrow Part Number" originx="0" originy="0" style="Default" rotation="0" justify="" flipped="False" hidden="True" data="AE40-UW-S12" />
    <text name="Arrow Price/Stock" originx="0" originy="0" style="Default" rotation="0" justify="" flipped="False" hidden="True" data="https://www.arrow.com/en/products/ae40-uw-s12/cui-inc" />
  </component>
</quadcept_library>
