<?xml version="1.0" encoding="utf-8"?>
<!--/19752580/1357958/2.50/20/3/Connector/-->
<quadcept_library>
  <setting unit="mil" />
  <textstyle name="Default" height="47.244094488189" strokewidth="7.8740157480315" charwidth="47.244094488189" />
  <textstyle name="Dimension" height="19.6850393700787" strokewidth="0" charwidth="19.6850393700787" />
  <textstyle name="H127W0635TH00762" height="50" strokewidth="3" charwidth="25" />
  <textstyle name="H15W15TH02" height="59.0551181102362" strokewidth="7.8740157480315" charwidth="59.0551181102362" />
  <padstyle name="r87_30" surface="True" plated="False" isvia="False" nopaste="False" nomask="True" complex="False" holesize="0">
    <padshape layer="TOP" shape="rectangle" width="11.811023622047" height="34.251968503937" />
    <padshape layer="TOP_SOLDER_MASK" shape="rectangle" width="19.685039370078" height="42.125984251968" />
    <padshape layer="TOP_SOLDER_PASTE" shape="rectangle" width="11.811023622047" height="34.251968503937" />
  </padstyle>
  <padstyle name="c156_h104" surface="False" plated="True" isvia="False" nopaste="True" nomask="True" complex="False" holesize="40.944881889763">
    <padshape layer="TOP" shape="round" width="61.417322834645" height="61.417322834645" />
    <padshape layer="TOP_SOLDER_MASK" shape="round" width="69.291338582676" height="69.291338582676" />
    <padshape layer="INNER" shape="round" width="61.417322834645" height="61.417322834645" />
    <padshape layer="BOTTOM" shape="round" width="61.417322834645" height="61.417322834645" />
    <padshape layer="BOTTOM_SOLDER_MASK" shape="round" width="69.291338582676" height="69.291338582676" />
  </padstyle>
  <padstyle name="c26_h52" surface="False" plated="True" isvia="False" nopaste="True" nomask="True" complex="False" holesize="20.472440944882">
    <padshape layer="TOP" shape="round" width="10.236220472441" height="10.236220472441" />
    <padshape layer="TOP_SOLDER_MASK" shape="round" width="18.110236220472" height="18.110236220472" />
    <padshape layer="INNER" shape="round" width="10.236220472441" height="10.236220472441" />
    <padshape layer="BOTTOM" shape="round" width="10.236220472441" height="10.236220472441" />
    <padshape layer="BOTTOM_SOLDER_MASK" shape="round" width="18.110236220472" height="18.110236220472" />
  </padstyle>
  <padstyle name="c38.5_h77" surface="False" plated="True" isvia="False" nopaste="True" nomask="True" complex="False" holesize="30.314960629921">
    <padshape layer="TOP" shape="round" width="15.15748031496" height="15.15748031496" />
    <padshape layer="TOP_SOLDER_MASK" shape="round" width="23.031496062992" height="23.031496062992" />
    <padshape layer="INNER" shape="round" width="15.15748031496" height="15.15748031496" />
    <padshape layer="BOTTOM" shape="round" width="15.15748031496" height="15.15748031496" />
    <padshape layer="BOTTOM_SOLDER_MASK" shape="round" width="23.031496062992" height="23.031496062992" />
  </padstyle>
  <footprint name="UJ20CVC1SMTTR" originx="0" originy="0" pickpointx="0" pickpointy="0">
    <pcbpin number="1" name="1" style="c156_h104" originx="-94.488188976377" originy="84.645669291338" rotation="90" />
    <pcbpin number="2" name="2" style="c156_h104" originx="94.488188976377" originy="84.645669291338" rotation="90" />
    <pcbpin number="3" name="3" style="c156_h104" originx="-94.488188976377" originy="-84.645669291338" rotation="90" />
    <pcbpin number="4" name="4" style="c156_h104" originx="94.488188976377" originy="-84.645669291338" rotation="90" />
    <pcbpin number="5" name="5" style="c26_h52" originx="-147.63779527559" originy="0" rotation="90" />
    <pcbpin number="6" name="6" style="c38.5_h77" originx="147.63779527559" originy="0" rotation="90" />
    <pcbpin number="7" name="A1" style="r87_30" originx="-108.26771653543" originy="34.055118110236" rotation="0" />
    <pcbpin number="8" name="A4" style="r87_30" originx="-49.212598425196" originy="34.055118110236" rotation="0" />
    <pcbpin number="9" name="A5" style="r87_30" originx="-29.527559055118" originy="34.055118110236" rotation="0" />
    <pcbpin number="10" name="A6" style="r87_30" originx="-9.8425196850392" originy="34.055118110236" rotation="0" />
    <pcbpin number="11" name="A7" style="r87_30" originx="9.8425196850392" originy="34.055118110236" rotation="0" />
    <pcbpin number="12" name="A8" style="r87_30" originx="29.527559055118" originy="34.055118110236" rotation="0" />
    <pcbpin number="13" name="A9" style="r87_30" originx="49.212598425196" originy="34.055118110236" rotation="0" />
    <pcbpin number="14" name="A12" style="r87_30" originx="108.26771653543" originy="34.055118110236" rotation="0" />
    <pcbpin number="15" name="B1" style="r87_30" originx="108.26771653543" originy="-34.055118110236" rotation="0" />
    <pcbpin number="16" name="B4" style="r87_30" originx="49.212598425196" originy="-34.055118110236" rotation="0" />
    <pcbpin number="17" name="B5" style="r87_30" originx="29.527559055118" originy="-34.055118110236" rotation="0" />
    <pcbpin number="18" name="B6" style="r87_30" originx="9.8425196850392" originy="-34.055118110236" rotation="0" />
    <pcbpin number="19" name="B7" style="r87_30" originx="-9.8425196850392" originy="-34.055118110236" rotation="0" />
    <pcbpin number="20" name="B8" style="r87_30" originx="-29.527559055118" originy="-34.055118110236" rotation="0" />
    <pcbpin number="21" name="B9" style="r87_30" originx="-49.212598425196" originy="-34.055118110236" rotation="0" />
    <pcbpin number="22" name="B12" style="r87_30" originx="-108.26771653543" originy="-34.055118110236" rotation="0" />
    <line layer="TOP_ASSEMBLY" originx="-175.9842519685" originy="62.204724409448" endx="175.9842519685" endy="62.204724409448" width="3.9370078740157" />
    <line layer="TOP_ASSEMBLY" originx="175.9842519685" originy="62.204724409448" endx="175.9842519685" endy="-62.204724409448" width="3.9370078740157" />
    <line layer="TOP_ASSEMBLY" originx="175.9842519685" originy="-62.204724409448" endx="-175.9842519685" endy="-62.204724409448" width="3.9370078740157" />
    <line layer="TOP_ASSEMBLY" originx="-175.9842519685" originy="-62.204724409448" endx="-175.9842519685" endy="62.204724409448" width="3.9370078740157" />
    <line layer="TOP_PLACE_BOUND" originx="-215.35433070866" originy="154.72440944882" endx="215.35433070866" endy="154.72440944882" width="3.9370078740157" />
    <line layer="TOP_PLACE_BOUND" originx="215.35433070866" originy="154.72440944882" endx="215.35433070866" endy="-154.72440944882" width="3.9370078740157" />
    <line layer="TOP_PLACE_BOUND" originx="215.35433070866" originy="-154.72440944882" endx="-215.35433070866" endy="-154.72440944882" width="3.9370078740157" />
    <line layer="TOP_PLACE_BOUND" originx="-215.35433070866" originy="-154.72440944882" endx="-215.35433070866" endy="154.72440944882" width="3.9370078740157" />
    <line layer="TOP_SILKSCREEN" originx="141.73228346457" originy="62.992125984251" endx="175.9842519685" endy="62.992125984251" width="7.8740157480314" />
    <line layer="TOP_SILKSCREEN" originx="175.9842519685" originy="62.992125984251" endx="175.9842519685" endy="-62.204724409448" width="7.8740157480314" />
    <line layer="TOP_SILKSCREEN" originx="175.9842519685" originy="-62.204724409448" endx="141.73228346457" endy="-62.204724409448" width="7.8740157480314" />
    <line layer="TOP_SILKSCREEN" originx="47.244094488188" originy="-62.992125984251" endx="-47.244094488188" endy="-62.992125984251" width="7.8740157480314" />
    <line layer="TOP_SILKSCREEN" originx="-141.73228346457" originy="-62.992125984251" endx="-175.9842519685" endy="-62.992125984251" width="7.8740157480314" />
    <line layer="TOP_SILKSCREEN" originx="-175.9842519685" originy="-62.992125984251" endx="-175.9842519685" endy="62.204724409448" width="7.8740157480314" />
    <line layer="TOP_SILKSCREEN" originx="-175.9842519685" originy="62.204724409448" endx="-141.73228346457" endy="62.204724409448" width="7.8740157480314" />
    <line layer="TOP_SILKSCREEN" originx="-47.244094488188" originy="62.992125984251" endx="47.244094488188" endy="62.992125984251" width="7.8740157480314" />
    <line layer="TOP_SILKSCREEN" originx="-192.91338582677" originy="34.055118110236" endx="-192.91338582677" endy="34.055118110236" width="3.9370078740157" />
    <arc layer="TOP_SILKSCREEN" originx="-194.88188976378" originy="34.055118110236" startangle=".0" sweepangle="180.0" radius="1.9685039370079" width="3.9370078740157" />
    <line layer="TOP_SILKSCREEN" originx="-196.85039370078" originy="34.055118110236" endx="-196.85039370078" endy="34.055118110236" width="3.9370078740157" />
    <arc layer="TOP_SILKSCREEN" originx="-194.88188976378" originy="34.055118110236" startangle="180.0" sweepangle="180.0" radius="1.9685039370079" width="3.9370078740157" />
  </footprint>
  <symbol name="UJ20-C-V-C-1-SMT-TR" originx="0" originy="0">
    <line originx="200" originy="100" endx="1100" endy="100" width="0" />
    <line originx="1100" originy="-1000" endx="1100" endy="100" width="0" />
    <line originx="1100" originy="-1000" endx="200" endy="-1000" width="0" />
    <line originx="200" originy="100" endx="200" endy="-1000" width="0" />
    <sympin number="1" originx="200" originy="0" rotation="180" length="100" width="7.8740157480315" flipped="False">
      <text name="pinname" originx="230" originy="0" style="Default" rotation="0" justify="left" flipped="False" hidden="False" data="MH1" />
      <text name="pindes" originx="140" originy="20" style="Default" rotation="0" justify="lowerright" flipped="False" hidden="False" data="1" />
    </sympin>
    <sympin number="2" originx="200" originy="-100" rotation="180" length="100" width="7.8740157480315" flipped="False">
      <text name="pinname" originx="230" originy="-100" style="Default" rotation="0" justify="left" flipped="False" hidden="False" data="MH2" />
      <text name="pindes" originx="140" originy="-80" style="Default" rotation="0" justify="lowerright" flipped="False" hidden="False" data="2" />
    </sympin>
    <sympin number="3" originx="200" originy="-200" rotation="180" length="100" width="7.8740157480315" flipped="False">
      <text name="pinname" originx="230" originy="-200" style="Default" rotation="0" justify="left" flipped="False" hidden="False" data="MH3" />
      <text name="pindes" originx="140" originy="-180" style="Default" rotation="0" justify="lowerright" flipped="False" hidden="False" data="3" />
    </sympin>
    <sympin number="4" originx="200" originy="-300" rotation="180" length="100" width="7.8740157480315" flipped="False">
      <text name="pinname" originx="230" originy="-300" style="Default" rotation="0" justify="left" flipped="False" hidden="False" data="MH4" />
      <text name="pindes" originx="140" originy="-280" style="Default" rotation="0" justify="lowerright" flipped="False" hidden="False" data="4" />
    </sympin>
    <sympin number="5" originx="200" originy="-400" rotation="180" length="100" width="7.8740157480315" flipped="False">
      <text name="pinname" originx="230" originy="-400" style="Default" rotation="0" justify="left" flipped="False" hidden="False" data="GND_1" />
      <text name="pindes" originx="140" originy="-380" style="Default" rotation="0" justify="lowerright" flipped="False" hidden="False" data="A1" />
    </sympin>
    <sympin number="6" originx="200" originy="-500" rotation="180" length="100" width="7.8740157480315" flipped="False">
      <text name="pinname" originx="230" originy="-500" style="Default" rotation="0" justify="left" flipped="False" hidden="False" data="VBUS_1" />
      <text name="pindes" originx="140" originy="-480" style="Default" rotation="0" justify="lowerright" flipped="False" hidden="False" data="A4" />
    </sympin>
    <sympin number="7" originx="200" originy="-600" rotation="180" length="100" width="7.8740157480315" flipped="False">
      <text name="pinname" originx="230" originy="-600" style="Default" rotation="0" justify="left" flipped="False" hidden="False" data="CC1" />
      <text name="pindes" originx="140" originy="-580" style="Default" rotation="0" justify="lowerright" flipped="False" hidden="False" data="A5" />
    </sympin>
    <sympin number="8" originx="200" originy="-700" rotation="180" length="100" width="7.8740157480315" flipped="False">
      <text name="pinname" originx="230" originy="-700" style="Default" rotation="0" justify="left" flipped="False" hidden="False" data="DP1" />
      <text name="pindes" originx="140" originy="-680" style="Default" rotation="0" justify="lowerright" flipped="False" hidden="False" data="A6" />
    </sympin>
    <sympin number="9" originx="200" originy="-800" rotation="180" length="100" width="7.8740157480315" flipped="False">
      <text name="pinname" originx="230" originy="-800" style="Default" rotation="0" justify="left" flipped="False" hidden="False" data="DN1" />
      <text name="pindes" originx="140" originy="-780" style="Default" rotation="0" justify="lowerright" flipped="False" hidden="False" data="A7" />
    </sympin>
    <sympin number="10" originx="200" originy="-900" rotation="180" length="100" width="7.8740157480315" flipped="False">
      <text name="pinname" originx="230" originy="-900" style="Default" rotation="0" justify="left" flipped="False" hidden="False" data="SBU1" />
      <text name="pindes" originx="140" originy="-880" style="Default" rotation="0" justify="lowerright" flipped="False" hidden="False" data="A8" />
    </sympin>
    <sympin number="11" originx="1100" originy="0" rotation="0" length="100" width="7.8740157480315" flipped="False">
      <text name="pinname" originx="1070" originy="0" style="Default" rotation="0" justify="right" flipped="False" hidden="False" data="VBUS_2" />
      <text name="pindes" originx="1160" originy="20" style="Default" rotation="0" justify="lowerleft" flipped="False" hidden="False" data="A9" />
    </sympin>
    <sympin number="12" originx="1100" originy="-100" rotation="0" length="100" width="7.8740157480315" flipped="False">
      <text name="pinname" originx="1070" originy="-100" style="Default" rotation="0" justify="right" flipped="False" hidden="False" data="GND_2" />
      <text name="pindes" originx="1160" originy="-80" style="Default" rotation="0" justify="lowerleft" flipped="False" hidden="False" data="A12" />
    </sympin>
    <sympin number="13" originx="1100" originy="-200" rotation="0" length="100" width="7.8740157480315" flipped="False">
      <text name="pinname" originx="1070" originy="-200" style="Default" rotation="0" justify="right" flipped="False" hidden="False" data="GND_3" />
      <text name="pindes" originx="1160" originy="-180" style="Default" rotation="0" justify="lowerleft" flipped="False" hidden="False" data="B1" />
    </sympin>
    <sympin number="14" originx="1100" originy="-300" rotation="0" length="100" width="7.8740157480315" flipped="False">
      <text name="pinname" originx="1070" originy="-300" style="Default" rotation="0" justify="right" flipped="False" hidden="False" data="VBUS_3" />
      <text name="pindes" originx="1160" originy="-280" style="Default" rotation="0" justify="lowerleft" flipped="False" hidden="False" data="B4" />
    </sympin>
    <sympin number="15" originx="1100" originy="-400" rotation="0" length="100" width="7.8740157480315" flipped="False">
      <text name="pinname" originx="1070" originy="-400" style="Default" rotation="0" justify="right" flipped="False" hidden="False" data="CC2" />
      <text name="pindes" originx="1160" originy="-380" style="Default" rotation="0" justify="lowerleft" flipped="False" hidden="False" data="B5" />
    </sympin>
    <sympin number="16" originx="1100" originy="-500" rotation="0" length="100" width="7.8740157480315" flipped="False">
      <text name="pinname" originx="1070" originy="-500" style="Default" rotation="0" justify="right" flipped="False" hidden="False" data="DP2" />
      <text name="pindes" originx="1160" originy="-480" style="Default" rotation="0" justify="lowerleft" flipped="False" hidden="False" data="B6" />
    </sympin>
    <sympin number="17" originx="1100" originy="-600" rotation="0" length="100" width="7.8740157480315" flipped="False">
      <text name="pinname" originx="1070" originy="-600" style="Default" rotation="0" justify="right" flipped="False" hidden="False" data="DN2" />
      <text name="pindes" originx="1160" originy="-580" style="Default" rotation="0" justify="lowerleft" flipped="False" hidden="False" data="B7" />
    </sympin>
    <sympin number="18" originx="1100" originy="-700" rotation="0" length="100" width="7.8740157480315" flipped="False">
      <text name="pinname" originx="1070" originy="-700" style="Default" rotation="0" justify="right" flipped="False" hidden="False" data="SBU2" />
      <text name="pindes" originx="1160" originy="-680" style="Default" rotation="0" justify="lowerleft" flipped="False" hidden="False" data="B8" />
    </sympin>
    <sympin number="19" originx="1100" originy="-800" rotation="0" length="100" width="7.8740157480315" flipped="False">
      <text name="pinname" originx="1070" originy="-800" style="Default" rotation="0" justify="right" flipped="False" hidden="False" data="VBUS_4" />
      <text name="pindes" originx="1160" originy="-780" style="Default" rotation="0" justify="lowerleft" flipped="False" hidden="False" data="B9" />
    </sympin>
    <sympin number="20" originx="1100" originy="-900" rotation="0" length="100" width="7.8740157480315" flipped="False">
      <text name="pinname" originx="1070" originy="-900" style="Default" rotation="0" justify="right" flipped="False" hidden="False" data="GND_4" />
      <text name="pindes" originx="1160" originy="-880" style="Default" rotation="0" justify="lowerleft" flipped="False" hidden="False" data="B12" />
    </sympin>
  </symbol>
  <component name="UJ20-C-V-C-1-SMT-TR" designatorprefix="J" height="261.81102362204" footprint="UJ20CVC1SMTTR">
    <comppin designator="1" sympin="1" pinswap="0" gateswap="0" gate="1" group="1" side="" type="Any" name="MH1" />
    <comppin designator="2" sympin="2" pinswap="0" gateswap="0" gate="1" group="1" side="" type="Any" name="MH2" />
    <comppin designator="3" sympin="3" pinswap="0" gateswap="0" gate="1" group="1" side="" type="Any" name="MH3" />
    <comppin designator="4" sympin="4" pinswap="0" gateswap="0" gate="1" group="1" side="" type="Any" name="MH4" />
    <comppin designator="A1" sympin="5" pinswap="0" gateswap="0" gate="1" group="1" side="" type="Any" name="GND_1" />
    <comppin designator="A4" sympin="6" pinswap="0" gateswap="0" gate="1" group="1" side="" type="Any" name="VBUS_1" />
    <comppin designator="A5" sympin="7" pinswap="0" gateswap="0" gate="1" group="1" side="" type="Any" name="CC1" />
    <comppin designator="A6" sympin="8" pinswap="0" gateswap="0" gate="1" group="1" side="" type="Any" name="DP1" />
    <comppin designator="A7" sympin="9" pinswap="0" gateswap="0" gate="1" group="1" side="" type="Any" name="DN1" />
    <comppin designator="A8" sympin="10" pinswap="0" gateswap="0" gate="1" group="1" side="" type="Any" name="SBU1" />
    <comppin designator="A9" sympin="11" pinswap="0" gateswap="0" gate="1" group="1" side="" type="Any" name="VBUS_2" />
    <comppin designator="A12" sympin="12" pinswap="0" gateswap="0" gate="1" group="1" side="" type="Any" name="GND_2" />
    <comppin designator="B1" sympin="13" pinswap="0" gateswap="0" gate="1" group="1" side="" type="Any" name="GND_3" />
    <comppin designator="B4" sympin="14" pinswap="0" gateswap="0" gate="1" group="1" side="" type="Any" name="VBUS_3" />
    <comppin designator="B5" sympin="15" pinswap="0" gateswap="0" gate="1" group="1" side="" type="Any" name="CC2" />
    <comppin designator="B6" sympin="16" pinswap="0" gateswap="0" gate="1" group="1" side="" type="Any" name="DP2" />
    <comppin designator="B7" sympin="17" pinswap="0" gateswap="0" gate="1" group="1" side="" type="Any" name="DN2" />
    <comppin designator="B8" sympin="18" pinswap="0" gateswap="0" gate="1" group="1" side="" type="Any" name="SBU2" />
    <comppin designator="B9" sympin="19" pinswap="0" gateswap="0" gate="1" group="1" side="" type="Any" name="VBUS_4" />
    <comppin designator="B12" sympin="20" pinswap="0" gateswap="0" gate="1" group="1" side="" type="Any" name="GND_4" />
    <attached_symbol gate="1" name="UJ20-C-V-C-1-SMT-TR" />
    <pinmap designator="1" footprintpin="1" />
    <pinmap designator="2" footprintpin="2" />
    <pinmap designator="3" footprintpin="3" />
    <pinmap designator="4" footprintpin="4" />
    <pinmap designator="A1" footprintpin="5" />
    <pinmap designator="A4" footprintpin="6" />
    <pinmap designator="A5" footprintpin="7" />
    <pinmap designator="A6" footprintpin="8" />
    <pinmap designator="A7" footprintpin="9" />
    <pinmap designator="A8" footprintpin="10" />
    <pinmap designator="A9" footprintpin="11" />
    <pinmap designator="A12" footprintpin="12" />
    <pinmap designator="B1" footprintpin="13" />
    <pinmap designator="B4" footprintpin="14" />
    <pinmap designator="B5" footprintpin="15" />
    <pinmap designator="B6" footprintpin="16" />
    <pinmap designator="B7" footprintpin="17" />
    <pinmap designator="B8" footprintpin="18" />
    <pinmap designator="B9" footprintpin="19" />
    <pinmap designator="B12" footprintpin="20" />
    <text name="Datasheet" originx="0" originy="0" style="Default" rotation="0" justify="" flipped="False" hidden="True" data="https://www.sameskydevices.com/product/resource/uj20-c-v-c-1-smt-tr.pdf" />
    <text name="Description" originx="0" originy="0" style="Default" rotation="0" justify="" flipped="False" hidden="True" data="USB Connectors USB Jack 2.0, Type-C, Vertical, Copper Alloy, Surface Mount, 6.5H, T&amp;R" />
    <text name="Mouser Part Number" originx="0" originy="0" style="Default" rotation="0" justify="" flipped="False" hidden="True" data="179-UJ20CVC1SMTTR" />
    <text name="Mouser Price/Stock" originx="0" originy="0" style="Default" rotation="0" justify="" flipped="False" hidden="True" data="https://www.mouser.co.uk/ProductDetail/CUI-Devices/UJ20-C-V-C-1-SMT-TR?qs=i8QVZAFTkqRSXXSHLSIhtw%3D%3D" />
    <text name="Manufacturer_Name" originx="0" originy="0" style="Default" rotation="0" justify="" flipped="False" hidden="True" data="Same Sky" />
    <text name="Manufacturer_Part_Number" originx="1150" originy="200" style="Default" rotation="0" justify="left" flipped="False" hidden="False" data="UJ20-C-V-C-1-SMT-TR" />
  </component>
</quadcept_library>
