<?xml version="1.0" encoding="utf-8"?>
<!--/14949796/663195/2.50/5/2/Power Supply/-->
<quadcept_library>
  <setting unit="mil" />
  <textstyle name="Default" height="47.244094488189" strokewidth="7.8740157480315" charwidth="47.244094488189" />
  <textstyle name="Dimension" height="19.6850393700787" strokewidth="0" charwidth="19.6850393700787" />
  <textstyle name="H127W0635TH00762" height="50" strokewidth="3" charwidth="25" />
  <textstyle name="H15W15TH02" height="59.0551181102362" strokewidth="7.8740157480315" charwidth="59.0551181102362" />
  <padstyle name="c130_h80" surface="False" plated="True" isvia="False" nopaste="True" nomask="True" complex="False" holesize="31.496062992126">
    <padshape layer="TOP" shape="round" width="51.181102362204" height="51.181102362204" />
    <padshape layer="TOP_SOLDER_MASK" shape="round" width="59.055118110235" height="59.055118110235" />
    <padshape layer="INNER" shape="round" width="51.181102362204" height="51.181102362204" />
    <padshape layer="BOTTOM" shape="round" width="51.181102362204" height="51.181102362204" />
    <padshape layer="BOTTOM_SOLDER_MASK" shape="round" width="59.055118110235" height="59.055118110235" />
  </padstyle>
  <padstyle name="s130_h80" surface="False" plated="True" isvia="False" nopaste="True" nomask="True" complex="False" holesize="31.496062992126">
    <padshape layer="TOP" shape="square" width="51.181102362204" height="51.181102362204" />
    <padshape layer="TOP_SOLDER_MASK" shape="square" width="59.055118110235" height="59.055118110235" />
    <padshape layer="INNER" shape="square" width="51.181102362204" height="51.181102362204" />
    <padshape layer="BOTTOM" shape="square" width="51.181102362204" height="51.181102362204" />
    <padshape layer="BOTTOM_SOLDER_MASK" shape="square" width="59.055118110235" height="59.055118110235" />
  </padstyle>
  <footprint name="THR37212WI" originx="0" originy="0" pickpointx="0" pickpointy="0">
    <pcbpin number="1" name="1" style="s130_h80" originx="0" originy="0" rotation="90" />
    <pcbpin number="2" name="12" style="c130_h80" originx="1100" originy="0" rotation="90" />
    <pcbpin number="3" name="13" style="c130_h80" originx="1100" originy="599.21259842519" rotation="90" />
    <pcbpin number="4" name="23" style="c130_h80" originx="99.999999999999" originy="599.21259842519" rotation="90" />
    <pcbpin number="5" name="24" style="c130_h80" originx="0" originy="599.21259842519" rotation="90" />
    <line layer="TOP_ASSEMBLY" originx="-73.228346456692" originy="699.21259842519" endx="1178.7401574803" endy="699.21259842519" width="3.9370078740157" />
    <line layer="TOP_ASSEMBLY" originx="1178.7401574803" originy="699.21259842519" endx="1178.7401574803" endy="-99.999999999999" width="3.9370078740157" />
    <line layer="TOP_ASSEMBLY" originx="1178.7401574803" originy="-99.999999999999" endx="-73.228346456692" endy="-99.999999999999" width="3.9370078740157" />
    <line layer="TOP_ASSEMBLY" originx="-73.228346456692" originy="-99.999999999999" endx="-73.228346456692" endy="699.21259842519" width="3.9370078740157" />
    <line layer="TOP_SILKSCREEN" originx="-73.228346456692" originy="-99.999999999999" endx="1178.7401574803" endy="-99.999999999999" width="7.8740157480314" />
    <line layer="TOP_SILKSCREEN" originx="1178.7401574803" originy="-99.999999999999" endx="1178.7401574803" endy="699.21259842519" width="7.8740157480314" />
    <line layer="TOP_SILKSCREEN" originx="1178.7401574803" originy="699.21259842519" endx="-73.228346456692" endy="699.21259842519" width="7.8740157480314" />
    <line layer="TOP_SILKSCREEN" originx="-73.228346456692" originy="699.21259842519" endx="-73.228346456692" endy="-99.999999999999" width="7.8740157480314" />
    <line layer="TOP_PLACE_BOUND" originx="-112.59842519685" originy="-139.37007874016" endx="1218.1102362205" endy="-139.37007874016" width="3.9370078740157" />
    <line layer="TOP_PLACE_BOUND" originx="1218.1102362205" originy="-139.37007874016" endx="1218.1102362205" endy="738.58267716535" width="3.9370078740157" />
    <line layer="TOP_PLACE_BOUND" originx="1218.1102362205" originy="738.58267716535" endx="-112.59842519685" endy="738.58267716535" width="3.9370078740157" />
    <line layer="TOP_PLACE_BOUND" originx="-112.59842519685" originy="738.58267716535" endx="-112.59842519685" endy="-139.37007874016" width="3.9370078740157" />
    <line layer="TOP_SILKSCREEN" originx="-98.425196850392" originy="0" endx="-98.425196850392" endy="0" width="3.9370078740157" />
    <arc layer="TOP_SILKSCREEN" originx="-96.456692913385" originy="0" startangle="-180.0" sweepangle="180.0" radius="1.9685039370079" width="3.9370078740157" />
    <line layer="TOP_SILKSCREEN" originx="-94.488188976377" originy="0" endx="-94.488188976377" endy="0" width="3.9370078740157" />
    <arc layer="TOP_SILKSCREEN" originx="-96.456692913385" originy="0" startangle=".0" sweepangle="180.0" radius="1.9685039370079" width="3.9370078740157" />
  </footprint>
  <symbol name="THR_3-7212WI" originx="0" originy="0">
    <line originx="200" originy="100" endx="1700" endy="100" width="0" />
    <line originx="1700" originy="-300" endx="1700" endy="100" width="0" />
    <line originx="1700" originy="-300" endx="200" endy="-300" width="0" />
    <line originx="200" originy="100" endx="200" endy="-300" width="0" />
    <sympin number="1" originx="200" originy="0" rotation="180" length="100" width="7.8740157480315" flipped="False">
      <text name="pinname" originx="230" originy="0" style="Default" rotation="0" justify="left" flipped="False" hidden="False" data="+VIN_(VCC)" />
      <text name="pindes" originx="140" originy="20" style="Default" rotation="0" justify="lowerright" flipped="False" hidden="False" data="1" />
    </sympin>
    <sympin number="12" originx="200" originy="-100" rotation="180" length="100" width="7.8740157480315" flipped="False">
      <text name="pinname" originx="230" originy="-100" style="Default" rotation="0" justify="left" flipped="False" hidden="False" data="-VOUT" />
      <text name="pindes" originx="140" originy="-80" style="Default" rotation="0" justify="lowerright" flipped="False" hidden="False" data="12" />
    </sympin>
    <sympin number="13" originx="1700" originy="-200" rotation="0" length="100" width="7.8740157480315" flipped="False">
      <text name="pinname" originx="1670" originy="-200" style="Default" rotation="0" justify="right" flipped="False" hidden="False" data="+VOUT" />
      <text name="pindes" originx="1760" originy="-180" style="Default" rotation="0" justify="lowerleft" flipped="False" hidden="False" data="13" />
    </sympin>
    <sympin number="23" originx="1700" originy="-100" rotation="0" length="100" width="7.8740157480315" flipped="False">
      <text name="pinname" originx="1670" originy="-100" style="Default" rotation="0" justify="right" flipped="False" hidden="False" data="-VIN_(GND)_1" />
      <text name="pindes" originx="1760" originy="-80" style="Default" rotation="0" justify="lowerleft" flipped="False" hidden="False" data="23" />
    </sympin>
    <sympin number="24" originx="1700" originy="0" rotation="0" length="100" width="7.8740157480315" flipped="False">
      <text name="pinname" originx="1670" originy="0" style="Default" rotation="0" justify="right" flipped="False" hidden="False" data="-VIN_(GND)_2" />
      <text name="pindes" originx="1760" originy="20" style="Default" rotation="0" justify="lowerleft" flipped="False" hidden="False" data="24" />
    </sympin>
  </symbol>
  <component name="THR_3-7212WI" designatorprefix="PS" height="492.12598425196" footprint="THR37212WI">
    <comppin designator="1" sympin="1" pinswap="0" gateswap="0" gate="1" group="1" side="" type="Any" name="+VIN_(VCC)" />
    <comppin designator="12" sympin="12" pinswap="0" gateswap="0" gate="1" group="1" side="" type="Any" name="-VOUT" />
    <comppin designator="13" sympin="13" pinswap="0" gateswap="0" gate="1" group="1" side="" type="Any" name="+VOUT" />
    <comppin designator="23" sympin="23" pinswap="0" gateswap="0" gate="1" group="1" side="" type="Any" name="-VIN_(GND)_1" />
    <comppin designator="24" sympin="24" pinswap="0" gateswap="0" gate="1" group="1" side="" type="Any" name="-VIN_(GND)_2" />
    <attached_symbol gate="1" name="THR_3-7212WI" />
    <pinmap designator="1" footprintpin="1" />
    <pinmap designator="12" footprintpin="2" />
    <pinmap designator="13" footprintpin="3" />
    <pinmap designator="23" footprintpin="4" />
    <pinmap designator="24" footprintpin="5" />
    <text name="Datasheet" originx="0" originy="0" style="Default" rotation="0" justify="" flipped="False" hidden="True" data="https://tracopower.com/thr3wi-datasheet/" />
    <text name="Description" originx="0" originy="0" style="Default" rotation="0" justify="" flipped="False" hidden="True" data="3 Watt DC/DC converter, industrial, 4:1 input, reinforced isolation (3000 VAC), encapsulated, DIP-24" />
    <text name="Manufacturer_Name" originx="0" originy="0" style="Default" rotation="0" justify="" flipped="False" hidden="True" data="Traco Power" />
    <text name="Manufacturer_Part_Number" originx="1750" originy="200" style="Default" rotation="0" justify="left" flipped="False" hidden="False" data="THR 3-7212WI" />
    <text name="Mouser Part Number" originx="0" originy="0" style="Default" rotation="0" justify="" flipped="False" hidden="True" data="495-THR3-7212WI" />
    <text name="Mouser Price/Stock" originx="0" originy="0" style="Default" rotation="0" justify="" flipped="False" hidden="True" data="https://www.mouser.co.uk/ProductDetail/TRACO-Power/THR-3-7212WI?qs=e8oIoAS2J1SfkGtFIULh9A%3D%3D" />
    <text name="Arrow Part Number" originx="0" originy="0" style="Default" rotation="0" justify="" flipped="False" hidden="True" data="" />
    <text name="Arrow Price/Stock" originx="0" originy="0" style="Default" rotation="0" justify="" flipped="False" hidden="True" data="" />
  </component>
</quadcept_library>
