<?xml version="1.0" encoding="utf-8"?>
<!--/388684/663195/2.49/3/3/Resistor/-->
<quadcept_library>
  <setting unit="mil" />
  <textstyle name="Default" height="47.244094488189" strokewidth="7.8740157480315" charwidth="47.244094488189" />
  <textstyle name="Dimension" height="19.6850393700787" strokewidth="0" charwidth="19.6850393700787" />
  <textstyle name="H127W0635TH00762" height="50" strokewidth="3" charwidth="25" />
  <textstyle name="H15W15TH02" height="59.0551181102362" strokewidth="7.8740157480315" charwidth="59.0551181102362" />
  <padstyle name="c121.7_h71" surface="False" plated="True" isvia="False" nopaste="True" nomask="True" complex="False" holesize="27.952755905511">
    <padshape layer="TOP" shape="round" width="47.913385826771" height="47.913385826771" />
    <padshape layer="TOP_SOLDER_MASK" shape="round" width="55.787401574802" height="55.787401574802" />
    <padshape layer="INNER" shape="round" width="47.913385826771" height="47.913385826771" />
    <padshape layer="BOTTOM" shape="round" width="47.913385826771" height="47.913385826771" />
    <padshape layer="BOTTOM_SOLDER_MASK" shape="round" width="55.787401574802" height="55.787401574802" />
  </padstyle>
  <padstyle name="s121.7_h71" surface="False" plated="True" isvia="False" nopaste="True" nomask="True" complex="False" holesize="27.952755905511">
    <padshape layer="TOP" shape="square" width="47.913385826771" height="47.913385826771" />
    <padshape layer="TOP_SOLDER_MASK" shape="square" width="55.787401574802" height="55.787401574802" />
    <padshape layer="INNER" shape="square" width="47.913385826771" height="47.913385826771" />
    <padshape layer="BOTTOM" shape="square" width="47.913385826771" height="47.913385826771" />
    <padshape layer="BOTTOM_SOLDER_MASK" shape="square" width="55.787401574802" height="55.787401574802" />
  </padstyle>
  <footprint name="3296Y1223LF" originx="0" originy="0" pickpointx="0" pickpointy="0">
    <pcbpin number="1" name="1" style="s121.7_h71" originx="0" originy="0" rotation="90" />
    <pcbpin number="2" name="2" style="c121.7_h71" originx="-99.999999999999" originy="99.999999999999" rotation="90" />
    <pcbpin number="3" name="3" style="c121.7_h71" originx="0" originy="200" rotation="90" />
    <line layer="TOP_ASSEMBLY" originx="44.881889763779" originy="287.59842519685" endx="-145.27559055118" endy="287.59842519685" width="3.9370078740157" />
    <line layer="TOP_ASSEMBLY" originx="-145.27559055118" originy="287.59842519685" endx="-145.27559055118" endy="-87.598425196849" width="3.9370078740157" />
    <line layer="TOP_ASSEMBLY" originx="-145.27559055118" originy="-87.598425196849" endx="44.881889763779" endy="-87.598425196849" width="3.9370078740157" />
    <line layer="TOP_ASSEMBLY" originx="44.881889763779" originy="-87.598425196849" endx="44.881889763779" endy="287.59842519685" width="3.9370078740157" />
    <line layer="TOP_PLACE_BOUND" originx="84.251968503936" originy="326.968503937" endx="-184.64566929134" endy="326.968503937" width="3.9370078740157" />
    <line layer="TOP_PLACE_BOUND" originx="-184.64566929134" originy="326.968503937" endx="-184.64566929134" endy="-126.96850393701" width="3.9370078740157" />
    <line layer="TOP_PLACE_BOUND" originx="-184.64566929134" originy="-126.96850393701" endx="84.251968503936" endy="-126.96850393701" width="3.9370078740157" />
    <line layer="TOP_PLACE_BOUND" originx="84.251968503936" originy="-126.96850393701" endx="84.251968503936" endy="326.968503937" width="3.9370078740157" />
    <line layer="TOP_SILKSCREEN" originx="44.881889763779" originy="287.59842519685" endx="-145.27559055118" endy="287.59842519685" width="7.8740157480314" />
    <line layer="TOP_SILKSCREEN" originx="-145.27559055118" originy="287.59842519685" endx="-145.27559055118" endy="-87.598425196849" width="7.8740157480314" />
    <line layer="TOP_SILKSCREEN" originx="-145.27559055118" originy="-87.598425196849" endx="44.881889763779" endy="-87.598425196849" width="7.8740157480314" />
    <line layer="TOP_SILKSCREEN" originx="44.881889763779" originy="-87.598425196849" endx="44.881889763779" endy="287.59842519685" width="7.8740157480314" />
    <line layer="TOP_SILKSCREEN" originx="0" originy="-106.29921259842" endx="0" endy="-106.29921259842" width="3.9370078740157" />
    <arc layer="TOP_SILKSCREEN" originx="3.9370078740157" originy="-108.26771653543" startangle="90.0" sweepangle="180.0" radius="1.9685039370078" width="3.9370078740157" />
    <line layer="TOP_SILKSCREEN" originx="0" originy="-110.23622047244" endx="0" endy="-110.23622047244" width="3.9370078740157" />
    <arc layer="TOP_SILKSCREEN" originx="3.9370078740157" originy="-108.26771653543" startangle="-90.0" sweepangle="180.0" radius="1.9685039370078" width="3.9370078740157" />
  </footprint>
  <symbol name="3296Y-1-223LF" originx="0" originy="0">
    <line originx="200" originy="100" endx="900" endy="100" width="0" />
    <line originx="900" originy="-200" endx="900" endy="100" width="0" />
    <line originx="900" originy="-200" endx="200" endy="-200" width="0" />
    <line originx="200" originy="100" endx="200" endy="-200" width="0" />
    <sympin number="1" originx="900" originy="-100" rotation="0" length="100" width="7.8740157480315" flipped="False">
      <text name="pinname" originx="870" originy="-100" style="Default" rotation="0" justify="right" flipped="False" hidden="False" data="CCW" />
      <text name="pindes" originx="960" originy="-80" style="Default" rotation="0" justify="lowerleft" flipped="False" hidden="False" data="1" />
    </sympin>
    <sympin number="2" originx="200" originy="0" rotation="180" length="100" width="7.8740157480315" flipped="False">
      <text name="pinname" originx="230" originy="0" style="Default" rotation="0" justify="left" flipped="False" hidden="False" data="WIPER" />
      <text name="pindes" originx="140" originy="20" style="Default" rotation="0" justify="lowerright" flipped="False" hidden="False" data="2" />
    </sympin>
    <sympin number="3" originx="900" originy="0" rotation="0" length="100" width="7.8740157480315" flipped="False">
      <text name="pinname" originx="870" originy="0" style="Default" rotation="0" justify="right" flipped="False" hidden="False" data="CW" />
      <text name="pindes" originx="960" originy="20" style="Default" rotation="0" justify="lowerleft" flipped="False" hidden="False" data="3" />
    </sympin>
  </symbol>
  <component name="3296Y-1-223LF" designatorprefix="R" height="464.56692913385" footprint="3296Y1223LF">
    <comppin designator="1" sympin="1" pinswap="0" gateswap="0" gate="1" group="1" side="" type="Any" name="CCW" />
    <comppin designator="2" sympin="2" pinswap="0" gateswap="0" gate="1" group="1" side="" type="Any" name="WIPER" />
    <comppin designator="3" sympin="3" pinswap="0" gateswap="0" gate="1" group="1" side="" type="Any" name="CW" />
    <attached_symbol gate="1" name="3296Y-1-223LF" />
    <pinmap designator="1" footprintpin="1" />
    <pinmap designator="2" footprintpin="2" />
    <pinmap designator="3" footprintpin="3" />
    <text name="Datasheet" originx="0" originy="0" style="Default" rotation="0" justify="" flipped="False" hidden="True" data="https://www.bourns.com/docs/Product-Datasheets/3296.pdf" />
    <text name="Description" originx="0" originy="0" style="Default" rotation="0" justify="" flipped="False" hidden="True" data="Bourns 3296Y Series 25-Turn Through Hole Cermet Trimmer Resistor with Solder Pin Terminations, 22k +/-10% 0.5W +/-100ppm/C" />
    <text name="Manufacturer_Name" originx="0" originy="0" style="Default" rotation="0" justify="" flipped="False" hidden="True" data="Bourns" />
    <text name="Manufacturer_Part_Number" originx="950" originy="200" style="Default" rotation="0" justify="left" flipped="False" hidden="False" data="3296Y-1-223LF" />
    <text name="Mouser Part Number" originx="0" originy="0" style="Default" rotation="0" justify="" flipped="False" hidden="True" data="652-3296Y-1-223LF" />
    <text name="Mouser Price/Stock" originx="0" originy="0" style="Default" rotation="0" justify="" flipped="False" hidden="True" data="https://www.mouser.co.uk/ProductDetail/Bourns/3296Y-1-223LF?qs=RUdTbCszRyG%2Fz0rQkQfbLg%3D%3D" />
    <text name="Arrow Part Number" originx="0" originy="0" style="Default" rotation="0" justify="" flipped="False" hidden="True" data="3296Y-1-223LF" />
    <text name="Arrow Price/Stock" originx="0" originy="0" style="Default" rotation="0" justify="" flipped="False" hidden="True" data="https://www.arrow.com/en/products/3296y-1-223lf/bourns" />
    <text name="Mouser Testing Part Number" originx="0" originy="0" style="Default" rotation="0" justify="" flipped="False" hidden="True" data="" />
    <text name="Mouser Testing Price/Stock" originx="0" originy="0" style="Default" rotation="0" justify="" flipped="False" hidden="True" data="" />
  </component>
</quadcept_library>
