<?xml version="1.0" encoding="utf-8"?>
<!--/4644081/1357958/2.50/2/4/Connector/-->
<quadcept_library>
  <setting unit="mil" />
  <textstyle name="Default" height="47.244094488189" strokewidth="7.8740157480315" charwidth="47.244094488189" />
  <textstyle name="Dimension" height="19.6850393700787" strokewidth="0" charwidth="19.6850393700787" />
  <textstyle name="H127W0635TH00762" height="50" strokewidth="3" charwidth="25" />
  <textstyle name="H15W15TH02" height="59.0551181102362" strokewidth="7.8740157480315" charwidth="59.0551181102362" />
  <padstyle name="c277.5_h185" surface="False" plated="True" isvia="False" nopaste="True" nomask="True" complex="False" holesize="72.83464566929">
    <padshape layer="TOP" shape="round" width="109.25196850394" height="109.25196850394" />
    <padshape layer="TOP_SOLDER_MASK" shape="round" width="117.12598425197" height="117.12598425197" />
    <padshape layer="INNER" shape="round" width="109.25196850394" height="109.25196850394" />
    <padshape layer="BOTTOM" shape="round" width="109.25196850394" height="109.25196850394" />
    <padshape layer="BOTTOM_SOLDER_MASK" shape="round" width="117.12598425197" height="117.12598425197" />
  </padstyle>
  <padstyle name="c152.5_h305" surface="False" plated="True" isvia="False" nopaste="True" nomask="True" complex="False" holesize="120.07874015748">
    <padshape layer="TOP" shape="round" width="60.039370078739" height="60.039370078739" />
    <padshape layer="TOP_SOLDER_MASK" shape="round" width="67.913385826771" height="67.913385826771" />
    <padshape layer="INNER" shape="round" width="60.039370078739" height="60.039370078739" />
    <padshape layer="BOTTOM" shape="round" width="60.039370078739" height="60.039370078739" />
    <padshape layer="BOTTOM_SOLDER_MASK" shape="round" width="67.913385826771" height="67.913385826771" />
  </padstyle>
  <footprint name="2002411112" originx="0" originy="0" pickpointx="0" pickpointy="0">
    <pcbpin number="1" name="1" style="c277.5_h185" originx="0" originy="0" rotation="90" />
    <pcbpin number="2" name="2" style="c277.5_h185" originx="-224.40944881889" originy="0" rotation="90" />
    <pcbpin number="3" name="MH1" style="c152.5_h305" originx="-112.20472440945" originy="-52.75590551181" rotation="90" />
    <line layer="TOP_ASSEMBLY" originx="-349.40944881889" originy="151.5748031496" endx="125" endy="151.5748031496" width="7.8740157480314" />
    <line layer="TOP_ASSEMBLY" originx="125" originy="151.5748031496" endx="125" endy="-115.74803149606" width="7.8740157480314" />
    <line layer="TOP_ASSEMBLY" originx="125" originy="-115.74803149606" endx="-349.40944881889" endy="-115.74803149606" width="7.8740157480314" />
    <line layer="TOP_ASSEMBLY" originx="-349.40944881889" originy="-115.74803149606" endx="-349.40944881889" endy="151.5748031496" width="7.8740157480314" />
    <line layer="TOP_SILKSCREEN" originx="-349.40944881889" originy="151.5748031496" endx="125" endy="151.5748031496" width="3.9370078740157" />
    <line layer="TOP_SILKSCREEN" originx="125" originy="151.5748031496" endx="125" endy="-115.74803149606" width="3.9370078740157" />
    <line layer="TOP_SILKSCREEN" originx="125" originy="-115.74803149606" endx="-349.40944881889" endy="-115.74803149606" width="3.9370078740157" />
    <line layer="TOP_SILKSCREEN" originx="-349.40944881889" originy="-115.74803149606" endx="-349.40944881889" endy="151.5748031496" width="3.9370078740157" />
    <line layer="TOP_PLACE_BOUND" originx="-388.77952755905" originy="340.94488188976" endx="187.00787401575" endy="340.94488188976" width="3.9370078740157" />
    <line layer="TOP_PLACE_BOUND" originx="187.00787401575" originy="340.94488188976" endx="187.00787401575" endy="-155.11811023622" width="3.9370078740157" />
    <line layer="TOP_PLACE_BOUND" originx="187.00787401575" originy="-155.11811023622" endx="-388.77952755905" endy="-155.11811023622" width="3.9370078740157" />
    <line layer="TOP_PLACE_BOUND" originx="-388.77952755905" originy="-155.11811023622" endx="-388.77952755905" endy="340.94488188976" width="3.9370078740157" />
    <line layer="TOP_ASSEMBLY" originx="-190.94488188976" originy="151.5748031496" endx="-190.94488188976" endy="301.5748031496" width="7.8740157480314" />
    <line layer="TOP_ASSEMBLY" originx="-53.149606299212" originy="151.5748031496" endx="-53.149606299212" endy="301.5748031496" width="7.8740157480314" />
    <line layer="TOP_ASSEMBLY" originx="-53.149606299212" originy="301.5748031496" endx="-190.94488188976" endy="301.5748031496" width="7.8740157480314" />
    <line layer="TOP_SILKSCREEN" originx="143.70078740157" originy="6.2992125984251" endx="143.70078740157" endy="6.2992125984251" width="11.811023622047" />
    <arc layer="TOP_SILKSCREEN" originx="145.66929133858" originy="6.2992125984251" startangle="180.0" sweepangle="180.0" radius="1.9685039370078" width="11.811023622047" />
    <line layer="TOP_SILKSCREEN" originx="147.63779527559" originy="6.2992125984251" endx="147.63779527559" endy="6.2992125984251" width="11.811023622047" />
    <arc layer="TOP_SILKSCREEN" originx="145.66929133858" originy="6.2992125984251" startangle=".0" sweepangle="180.0" radius="1.9685039370078" width="11.811023622047" />
  </footprint>
  <symbol name="200241-1112" originx="0" originy="0">
    <line originx="200" originy="100" endx="600" endy="100" width="0" />
    <line originx="600" originy="-200" endx="600" endy="100" width="0" />
    <line originx="600" originy="-200" endx="200" endy="-200" width="0" />
    <line originx="200" originy="100" endx="200" endy="-200" width="0" />
    <sympin number="1" originx="200" originy="-100" rotation="180" length="100" width="7.8740157480315" flipped="False">
      <text name="pinname" originx="230" originy="-100" style="Default" rotation="0" justify="left" flipped="False" hidden="False" data="1" />
      <text name="pindes" originx="140" originy="-80" style="Default" rotation="0" justify="lowerright" flipped="False" hidden="False" data="1" />
    </sympin>
    <sympin number="2" originx="200" originy="0" rotation="180" length="100" width="7.8740157480315" flipped="False">
      <text name="pinname" originx="230" originy="0" style="Default" rotation="0" justify="left" flipped="False" hidden="False" data="2" />
      <text name="pindes" originx="140" originy="20" style="Default" rotation="0" justify="lowerright" flipped="False" hidden="False" data="2" />
    </sympin>
  </symbol>
  <component name="200241-1112" designatorprefix="J" height="698.81889763779" footprint="2002411112">
    <comppin designator="1" sympin="1" pinswap="0" gateswap="0" gate="1" group="1" side="" type="Any" name="1" />
    <comppin designator="2" sympin="2" pinswap="0" gateswap="0" gate="1" group="1" side="" type="Any" name="2" />
    <attached_symbol gate="1" name="200241-1112" />
    <pinmap designator="1" footprintpin="1" />
    <pinmap designator="2" footprintpin="2" />
    <text name="Datasheet" originx="0" originy="0" style="Default" rotation="0" justify="" flipped="False" hidden="True" data="https://componentsearchengine.com/Datasheets/1/200241-1112.pdf" />
    <text name="Description" originx="0" originy="0" style="Default" rotation="0" justify="" flipped="False" hidden="True" data="MEGA-FIT V/T TOP LATCH ASSY TIN 2CKT BLK" />
    <text name="Mouser Part Number" originx="0" originy="0" style="Default" rotation="0" justify="" flipped="False" hidden="True" data="538-200241-1112" />
    <text name="Mouser Price/Stock" originx="0" originy="0" style="Default" rotation="0" justify="" flipped="False" hidden="True" data="https://www.mouser.co.uk/ProductDetail/Molex/200241-1112?qs=PzGy0jfpSMspIUQO9H%252Bd2w%3D%3D" />
    <text name="Manufacturer_Name" originx="0" originy="0" style="Default" rotation="0" justify="" flipped="False" hidden="True" data="Molex" />
    <text name="Manufacturer_Part_Number" originx="650" originy="200" style="Default" rotation="0" justify="left" flipped="False" hidden="False" data="200241-1112" />
  </component>
</quadcept_library>
