<?xml version="1.0" encoding="utf-8"?>
<!--/13571606/1357958/2.50/3/0/MOSFET (N-Channel)/-->
<quadcept_library>
  <setting unit="mil" />
  <textstyle name="Default" height="47.244094488189" strokewidth="7.8740157480315" charwidth="47.244094488189" />
  <textstyle name="Dimension" height="19.6850393700787" strokewidth="0" charwidth="19.6850393700787" />
  <textstyle name="H127W0635TH00762" height="50" strokewidth="3" charwidth="25" />
  <textstyle name="H15W15TH02" height="59.0551181102362" strokewidth="7.8740157480315" charwidth="59.0551181102362" />
  <padstyle name="r300_160" surface="True" plated="False" isvia="False" nopaste="False" nomask="True" complex="False" holesize="0">
    <padshape layer="TOP" shape="rectangle" width="62.992125984251" height="118.11023622047" />
    <padshape layer="TOP_SOLDER_MASK" shape="rectangle" width="70.866141732283" height="125.9842519685" />
    <padshape layer="TOP_SOLDER_PASTE" shape="rectangle" width="62.992125984251" height="118.11023622047" />
  </padstyle>
  <padstyle name="r600_600" surface="True" plated="False" isvia="False" nopaste="False" nomask="True" complex="False" holesize="0">
    <padshape layer="TOP" shape="rectangle" width="236.22047244094" height="236.22047244094" />
    <padshape layer="TOP_SOLDER_MASK" shape="rectangle" width="244.09448818897" height="244.09448818897" />
    <padshape layer="TOP_SOLDER_PASTE" shape="rectangle" width="236.22047244094" height="236.22047244094" />
  </padstyle>
  <footprint name="TK3P80ERQ" originx="0" originy="0" pickpointx="0" pickpointy="0">
    <pcbpin number="1" name="1" style="r300_160" originx="-90.551181102361" originy="0" rotation="0" />
    <pcbpin number="2" name="2" style="r600_600" originx="0" originy="255.90551181102" rotation="0" />
    <pcbpin number="3" name="3" style="r300_160" originx="90.551181102361" originy="0" rotation="0" />
    <line layer="TOP_ASSEMBLY" originx="-129.92125984252" originy="331.49606299212" endx="129.92125984252" endy="331.49606299212" width="7.8740157480314" />
    <line layer="TOP_ASSEMBLY" originx="129.92125984252" originy="331.49606299212" endx="129.92125984252" endy="91.338582677164" width="7.8740157480314" />
    <line layer="TOP_ASSEMBLY" originx="129.92125984252" originy="91.338582677164" endx="-129.92125984252" endy="91.338582677164" width="7.8740157480314" />
    <line layer="TOP_ASSEMBLY" originx="-129.92125984252" originy="91.338582677164" endx="-129.92125984252" endy="331.49606299212" width="7.8740157480314" />
    <line layer="TOP_PLACE_BOUND" originx="-169.29133858268" originy="413.38582677165" endx="169.29133858268" endy="413.38582677165" width="3.9370078740157" />
    <line layer="TOP_PLACE_BOUND" originx="169.29133858268" originy="413.38582677165" endx="169.29133858268" endy="-98.425196850392" width="3.9370078740157" />
    <line layer="TOP_PLACE_BOUND" originx="169.29133858268" originy="-98.425196850392" endx="-169.29133858268" endy="-98.425196850392" width="3.9370078740157" />
    <line layer="TOP_PLACE_BOUND" originx="-169.29133858268" originy="-98.425196850392" endx="-169.29133858268" endy="413.38582677165" width="3.9370078740157" />
    <line layer="TOP_SILKSCREEN" originx="-129.92125984252" originy="331.49606299212" endx="-129.92125984252" endy="91.338582677164" width="3.9370078740157" />
    <line layer="TOP_SILKSCREEN" originx="-129.92125984252" originy="91.338582677164" endx="129.92125984252" endy="91.338582677164" width="3.9370078740157" />
    <line layer="TOP_SILKSCREEN" originx="129.92125984252" originy="91.338582677164" endx="129.92125984252" endy="331.49606299212" width="3.9370078740157" />
    <line layer="TOP_SILKSCREEN" originx="-94.488188976377" originy="-78.346456692912" endx="-94.488188976377" endy="-78.346456692912" width="7.8740157480314" />
    <arc layer="TOP_SILKSCREEN" originx="-98.425196850392" originy="-78.346456692912" startangle=".0" sweepangle="180.0" radius="3.9370078740157" width="7.8740157480314" />
    <line layer="TOP_SILKSCREEN" originx="-102.36220472441" originy="-78.346456692912" endx="-102.36220472441" endy="-78.346456692912" width="7.8740157480314" />
    <arc layer="TOP_SILKSCREEN" originx="-98.425196850392" originy="-78.346456692912" startangle="180.0" sweepangle="180.0" radius="3.9370078740157" width="7.8740157480314" />
  </footprint>
  <symbol name="TK3P80E,RQ" originx="0" originy="0">
    <line originx="300" originy="100" endx="300" endy="-100" width="0" />
    <line originx="300" originy="200" endx="300" endy="300" width="0" />
    <line originx="100" originy="0" endx="200" endy="0" width="0" />
    <line originx="200" originy="200" endx="200" endy="0" width="0" />
    <line originx="300" originy="100" endx="230" endy="100" width="0" />
    <line originx="300" originy="200" endx="230" endy="200" width="0" />
    <line originx="230" originy="0" endx="300" endy="0" width="0" />
    <line originx="230" originy="220" endx="230" endy="180" width="0" />
    <line originx="230" originy="-20" endx="230" endy="20" width="0" />
    <line originx="230" originy="80" endx="230" endy="120" width="0" />
    <arc originx="250" originy="100" startangle="180" sweepangle="180" radius="150" width="0" />
    <arc originx="250" originy="100" startangle="180" sweepangle="-180" radius="150" width="0" />
    <sympin number="1" originx="100" originy="0" rotation="180" length="100" width="7.8740157480315" flipped="False">
      <text name="pinname" originx="0" originy="-20" style="Default" rotation="0" justify="upperleft" flipped="False" hidden="True" data="G" />
      <text name="pindes" originx="80" originy="10" style="Default" rotation="0" justify="lowerright" flipped="False" hidden="False" data="1" />
    </sympin>
    <sympin number="2" originx="300" originy="300" rotation="90" length="100" width="7.8740157480315" flipped="False">
      <text name="pinname" originx="320" originy="400" style="Default" rotation="90" justify="upperleft" flipped="False" hidden="True" data="D" />
      <text name="pindes" originx="280" originy="400" style="Default" rotation="90" justify="upperright" flipped="False" hidden="False" data="2" />
    </sympin>
    <sympin number="3" originx="300" originy="-100" rotation="270" length="100" width="7.8740157480315" flipped="False">
      <text name="pinname" originx="320" originy="-200" style="Default" rotation="90" justify="lowerleft" flipped="False" hidden="True" data="S" />
      <text name="pindes" originx="280" originy="-200" style="Default" rotation="90" justify="lowerright" flipped="False" hidden="False" data="3" />
    </sympin>
    <polygon type="polygon">
      <point x="230" y="100" />
      <point x="270" y="120" />
      <point x="270" y="80" />
    </polygon>
  </symbol>
  <component name="TK3P80E,RQ" designatorprefix="Q" height="94.488188976377" footprint="TK3P80ERQ">
    <comppin designator="1" sympin="1" pinswap="0" gateswap="0" gate="1" group="1" side="" type="Any" name="G" />
    <comppin designator="2" sympin="2" pinswap="0" gateswap="0" gate="1" group="1" side="" type="Any" name="D" />
    <comppin designator="3" sympin="3" pinswap="0" gateswap="0" gate="1" group="1" side="" type="Any" name="S" />
    <attached_symbol gate="1" name="TK3P80E,RQ" />
    <pinmap designator="1" footprintpin="1" />
    <pinmap designator="2" footprintpin="2" />
    <pinmap designator="3" footprintpin="3" />
    <text name="Datasheet" originx="0" originy="0" style="Default" rotation="0" justify="" flipped="False" hidden="True" data="https://toshiba.semicon-storage.com/info/docget.jsp?did=14695&amp;prodName=TK3P80E" />
    <text name="Description" originx="0" originy="0" style="Default" rotation="0" justify="" flipped="False" hidden="True" data="MOSFET PWR MOS PD=80W  F=1MHZ" />
    <text name="Mouser Part Number" originx="0" originy="0" style="Default" rotation="0" justify="" flipped="False" hidden="True" data="" />
    <text name="Mouser Price/Stock" originx="0" originy="0" style="Default" rotation="0" justify="" flipped="False" hidden="True" data="" />
    <text name="Manufacturer_Name" originx="0" originy="0" style="Default" rotation="0" justify="" flipped="False" hidden="True" data="Toshiba" />
    <text name="Manufacturer_Part_Number" originx="450" originy="50" style="Default" rotation="0" justify="left" flipped="False" hidden="False" data="TK3P80E,RQ" />
  </component>
</quadcept_library>
