<?xml version="1.0" encoding="utf-8"?>
<!--/298685/663195/2.49/3/2/Undefined or Miscellaneous/-->
<quadcept_library>
  <setting unit="mil" />
  <textstyle name="Default" height="47.244094488189" strokewidth="7.8740157480315" charwidth="47.244094488189" />
  <textstyle name="Dimension" height="19.6850393700787" strokewidth="0" charwidth="19.6850393700787" />
  <textstyle name="H127W0635TH00762" height="50" strokewidth="3" charwidth="25" />
  <textstyle name="H15W15TH02" height="59.0551181102362" strokewidth="7.8740157480315" charwidth="59.0551181102362" />
  <padstyle name="c144_h94" surface="False" plated="True" isvia="False" nopaste="True" nomask="True" complex="False" holesize="37.007874015748">
    <padshape layer="TOP" shape="round" width="56.692913385826" height="56.692913385826" />
    <padshape layer="TOP_SOLDER_MASK" shape="round" width="64.566929133857" height="64.566929133857" />
    <padshape layer="INNER" shape="round" width="56.692913385826" height="56.692913385826" />
    <padshape layer="BOTTOM" shape="round" width="56.692913385826" height="56.692913385826" />
    <padshape layer="BOTTOM_SOLDER_MASK" shape="round" width="64.566929133857" height="64.566929133857" />
  </padstyle>
  <footprint name="TSR-0.5-2433" originx="0" originy="0" pickpointx="0" pickpointy="0">
    <pcbpin number="1" name="1" style="c144_h94" originx="126.3779527559" originy="78.740157480314" rotation="90" />
    <pcbpin number="2" name="2" style="c144_h94" originx="226.3779527559" originy="78.740157480314" rotation="90" />
    <pcbpin number="3" name="3" style="c144_h94" originx="326.3779527559" originy="78.740157480314" rotation="90" />
    <line layer="TOP_ASSEMBLY" originx="0" originy="297.24409448819" endx="452.75590551181" endy="297.24409448819" width="9.9999999999999" />
    <line layer="TOP_ASSEMBLY" originx="452.75590551181" originy="297.24409448819" endx="452.75590551181" endy="0" width="9.9999999999999" />
    <line layer="TOP_ASSEMBLY" originx="452.75590551181" originy="0" endx="0" endy="0" width="9.9999999999999" />
    <line layer="TOP_ASSEMBLY" originx="0" originy="0" endx="0" endy="297.24409448819" width="9.9999999999999" />
    <line layer="TOP_SILKSCREEN" originx="0" originy="297.24409448819" endx="0" endy="0" width="9.9999999999999" />
    <line layer="TOP_SILKSCREEN" originx="0" originy="0" endx="452.75590551181" endy="0" width="9.9999999999999" />
    <line layer="TOP_SILKSCREEN" originx="452.75590551181" originy="0" endx="452.75590551181" endy="297.24409448819" width="9.9999999999999" />
    <line layer="TOP_SILKSCREEN" originx="452.75590551181" originy="297.24409448819" endx="0" endy="297.24409448819" width="9.9999999999999" />
    <arc layer="TOP_SILKSCREEN" originx="90.787401574802" originy="-24.133858267716" startangle="180" sweepangle="180" radius="3.503937007874" width="9.9999999999999" />
    <arc layer="TOP_SILKSCREEN" originx="90.787401574802" originy="-24.133858267716" startangle="180" sweepangle="-180" radius="3.503937007874" width="9.9999999999999" />
  </footprint>
  <symbol name="TSR_0.5-2450" originx="0" originy="0">
    <line originx="200" originy="100" endx="800" endy="100" width="0" />
    <line originx="800" originy="-300" endx="800" endy="100" width="0" />
    <line originx="800" originy="-300" endx="200" endy="-300" width="0" />
    <line originx="200" originy="100" endx="200" endy="-300" width="0" />
    <sympin number="1" originx="200" originy="0" rotation="180" length="100" width="7.8740157480315" flipped="False">
      <text name="pinname" originx="230" originy="0" style="Default" rotation="0" justify="left" flipped="False" hidden="False" data="+VIN" />
      <text name="pindes" originx="140" originy="20" style="Default" rotation="0" justify="lowerright" flipped="False" hidden="False" data="1" />
    </sympin>
    <sympin number="2" originx="200" originy="-100" rotation="180" length="100" width="7.8740157480315" flipped="False">
      <text name="pinname" originx="230" originy="-100" style="Default" rotation="0" justify="left" flipped="False" hidden="False" data="GND" />
      <text name="pindes" originx="140" originy="-80" style="Default" rotation="0" justify="lowerright" flipped="False" hidden="False" data="2" />
    </sympin>
    <sympin number="3" originx="200" originy="-200" rotation="180" length="100" width="7.8740157480315" flipped="False">
      <text name="pinname" originx="230" originy="-200" style="Default" rotation="0" justify="left" flipped="False" hidden="False" data="+VOUT" />
      <text name="pindes" originx="140" originy="-180" style="Default" rotation="0" justify="lowerright" flipped="False" hidden="False" data="3" />
    </sympin>
  </symbol>
  <component name="TSR_0.5-2450" designatorprefix="U" height="0" footprint="TSR-0.5-2433">
    <comppin designator="1" sympin="1" pinswap="0" gateswap="0" gate="1" group="1" side="" type="Any" name="+VIN" />
    <comppin designator="2" sympin="2" pinswap="0" gateswap="0" gate="1" group="1" side="" type="Any" name="GND" />
    <comppin designator="3" sympin="3" pinswap="0" gateswap="0" gate="1" group="1" side="" type="Any" name="+VOUT" />
    <attached_symbol gate="1" name="TSR_0.5-2450" />
    <pinmap designator="1" footprintpin="1" />
    <pinmap designator="2" footprintpin="2" />
    <pinmap designator="3" footprintpin="3" />
    <text name="Datasheet" originx="0" originy="0" style="Default" rotation="0" justify="" flipped="False" hidden="True" data="https://tracopower.com/tsr0-5-datasheet/" />
    <text name="Description" originx="0" originy="0" style="Default" rotation="0" justify="" flipped="False" hidden="True" data="0.5 Amp POL switching regulator, 4.75 to -32 VDC input, pos.-pos. circuit, LM78 compatible, SIP-3" />
    <text name="Manufacturer_Name" originx="0" originy="0" style="Default" rotation="0" justify="" flipped="False" hidden="True" data="Traco Power" />
    <text name="Manufacturer_Part_Number" originx="850" originy="200" style="Default" rotation="0" justify="left" flipped="False" hidden="False" data="TSR 0.5-2450" />
    <text name="Mouser Part Number" originx="0" originy="0" style="Default" rotation="0" justify="" flipped="False" hidden="True" data="495-TSR0.5-2450" />
    <text name="Mouser Price/Stock" originx="0" originy="0" style="Default" rotation="0" justify="" flipped="False" hidden="True" data="https://www.mouser.co.uk/ProductDetail/TRACO-Power/TSR-0.5-2450?qs=ckJk83FOD0XpEgQBSwF%2FIw%3D%3D" />
    <text name="Arrow Part Number" originx="0" originy="0" style="Default" rotation="0" justify="" flipped="False" hidden="True" data="TSR 0.5-2450" />
    <text name="Arrow Price/Stock" originx="0" originy="0" style="Default" rotation="0" justify="" flipped="False" hidden="True" data="https://www.arrow.com/en/products/tsr0.5-2450/traco-electronic-ag?region=europe" />
    <text name="Mouser Testing Part Number" originx="0" originy="0" style="Default" rotation="0" justify="" flipped="False" hidden="True" data="" />
    <text name="Mouser Testing Price/Stock" originx="0" originy="0" style="Default" rotation="0" justify="" flipped="False" hidden="True" data="" />
  </component>
</quadcept_library>
