<?xml version="1.0" encoding="utf-8"?>
<!--/295221/1357958/2.50/2/2/Capacitor/-->
<quadcept_library>
  <setting unit="mil" />
  <textstyle name="Default" height="47.244094488189" strokewidth="7.8740157480315" charwidth="47.244094488189" />
  <textstyle name="Dimension" height="19.6850393700787" strokewidth="0" charwidth="19.6850393700787" />
  <textstyle name="H127W0635TH00762" height="50" strokewidth="3" charwidth="25" />
  <textstyle name="H15W15TH02" height="59.0551181102362" strokewidth="7.8740157480315" charwidth="59.0551181102362" />
  <padstyle name="r160_105" surface="True" plated="False" isvia="False" nopaste="False" nomask="True" complex="False" holesize="0">
    <padshape layer="TOP" shape="rectangle" width="41.338582677165" height="62.992125984251" />
    <padshape layer="TOP_SOLDER_MASK" shape="rectangle" width="49.212598425196" height="70.866141732283" />
    <padshape layer="TOP_SOLDER_PASTE" shape="rectangle" width="41.338582677165" height="62.992125984251" />
  </padstyle>
  <footprint name="GRM31x" originx="0" originy="0" pickpointx="0" pickpointy="0">
    <pcbpin number="1" name="1" style="r160_105" originx="-58.070866141732" originy="0" rotation="0" />
    <pcbpin number="2" name="2" style="r160_105" originx="58.070866141732" originy="0" rotation="0" />
    <line layer="TOP_ASSEMBLY" originx="-62.992125984251" originy="31.496062992126" endx="62.992125984251" endy="31.496062992126" width="3.9370078740157" />
    <line layer="TOP_ASSEMBLY" originx="62.992125984251" originy="31.496062992126" endx="62.992125984251" endy="-31.496062992126" width="3.9370078740157" />
    <line layer="TOP_ASSEMBLY" originx="62.992125984251" originy="-31.496062992126" endx="-62.992125984251" endy="-31.496062992126" width="3.9370078740157" />
    <line layer="TOP_ASSEMBLY" originx="-62.992125984251" originy="-31.496062992126" endx="-62.992125984251" endy="31.496062992126" width="3.9370078740157" />
    <line layer="TOP_PLACE_BOUND" originx="-112.36220472441" originy="74.881889763779" endx="112.36220472441" endy="74.881889763779" width="3.9370078740157" />
    <line layer="TOP_PLACE_BOUND" originx="112.36220472441" originy="74.881889763779" endx="112.36220472441" endy="-74.881889763779" width="3.9370078740157" />
    <line layer="TOP_PLACE_BOUND" originx="112.36220472441" originy="-74.881889763779" endx="-112.36220472441" endy="-74.881889763779" width="3.9370078740157" />
    <line layer="TOP_PLACE_BOUND" originx="-112.36220472441" originy="-74.881889763779" endx="-112.36220472441" endy="74.881889763779" width="3.9370078740157" />
    <line layer="TOP_SILKSCREEN" originx="-27.55905511811" originy="31.496062992126" endx="27.55905511811" endy="31.496062992126" width="7.8740157480314" />
    <line layer="TOP_SILKSCREEN" originx="-27.55905511811" originy="-31.496062992126" endx="27.55905511811" endy="-31.496062992126" width="7.8740157480314" />
    <line layer="TOP_SILKSCREEN" originx="-94.488188976377" originy="3.9370078740157" endx="-94.488188976377" endy="3.9370078740157" width="7.8740157480314" />
    <arc layer="TOP_SILKSCREEN" originx="-94.488188976377" originy="0" startangle="90.0" sweepangle="180.0" radius="3.9370078740157" width="7.8740157480314" />
    <line layer="TOP_SILKSCREEN" originx="-94.488188976377" originy="-3.9370078740157" endx="-94.488188976377" endy="-3.9370078740157" width="7.8740157480314" />
    <arc layer="TOP_SILKSCREEN" originx="-94.488188976377" originy="0" startangle="-90.0" sweepangle="180.0" radius="3.9370078740157" width="7.8740157480314" />
  </footprint>
  <symbol name="GRM31CR71E106KA12L" originx="0" originy="0">
    <line originx="220" originy="100" endx="220" endy="-100" width="0" />
    <line originx="280" originy="100" endx="280" endy="-100" width="0" />
    <line originx="200" originy="0" endx="220" endy="0" width="0" />
    <line originx="280" originy="0" endx="300" endy="0" width="0" />
    <sympin number="1" originx="200" originy="0" rotation="180" length="100" width="7.8740157480315" flipped="False">
      <text name="pinname" originx="0" originy="-10" style="Default" rotation="0" justify="upperleft" flipped="False" hidden="True" data="1" />
      <text name="pindes" originx="0" originy="10" style="Default" rotation="0" justify="lowerleft" flipped="False" hidden="False" data="1" />
    </sympin>
    <sympin number="2" originx="300" originy="0" rotation="0" length="100" width="7.8740157480315" flipped="False">
      <text name="pinname" originx="500" originy="-10" style="Default" rotation="0" justify="upperright" flipped="False" hidden="True" data="2" />
      <text name="pindes" originx="500" originy="10" style="Default" rotation="0" justify="lowerright" flipped="False" hidden="False" data="2" />
    </sympin>
  </symbol>
  <component name="GRM31CR71E106KA12L" designatorprefix="C" height="45.275590551181" footprint="GRM31x">
    <comppin designator="1" sympin="1" pinswap="0" gateswap="0" gate="1" group="1" side="" type="Any" name="1" />
    <comppin designator="2" sympin="2" pinswap="0" gateswap="0" gate="1" group="1" side="" type="Any" name="2" />
    <attached_symbol gate="1" name="GRM31CR71E106KA12L" />
    <pinmap designator="1" footprintpin="1" />
    <pinmap designator="2" footprintpin="2" />
    <text name="Datasheet" originx="0" originy="0" style="Default" rotation="0" justify="" flipped="False" hidden="True" data="https://search.murata.co.jp/Ceramy/image/img/A01X/G101/ENG/GRM31CR71E106KA12-01CA.pdf" />
    <text name="Description" originx="0" originy="0" style="Default" rotation="0" justify="" flipped="False" hidden="True" data="MLCC, 1206" />
    <text name="Mouser Part Number" originx="0" originy="0" style="Default" rotation="0" justify="" flipped="False" hidden="True" data="81-GRM31CR71E106KA12" />
    <text name="Mouser Price/Stock" originx="0" originy="0" style="Default" rotation="0" justify="" flipped="False" hidden="True" data="https://www.mouser.co.uk/ProductDetail/Murata-Electronics/GRM31CR71E106KA12L?qs=WYkmdVEdyYZYvAEW1b%252BVEA%3D%3D" />
    <text name="Manufacturer_Name" originx="0" originy="0" style="Default" rotation="0" justify="" flipped="False" hidden="True" data="Murata Electronics" />
    <text name="Manufacturer_Part_Number" originx="350" originy="150" style="Default" rotation="0" justify="left" flipped="False" hidden="False" data="GRM31CR71E106KA12L" />
  </component>
</quadcept_library>
