<?xml version="1.0" encoding="utf-8"?>
<!--/780667/1357958/2.50/4/4/Crystal or Oscillator/-->
<quadcept_library>
  <setting unit="mil" />
  <textstyle name="Default" height="47.244094488189" strokewidth="7.8740157480315" charwidth="47.244094488189" />
  <textstyle name="Dimension" height="19.6850393700787" strokewidth="0" charwidth="19.6850393700787" />
  <textstyle name="H127W0635TH00762" height="50" strokewidth="3" charwidth="25" />
  <textstyle name="H15W15TH02" height="59.0551181102362" strokewidth="7.8740157480315" charwidth="59.0551181102362" />
  <padstyle name="r200_180" surface="True" plated="False" isvia="False" nopaste="False" nomask="True" complex="False" holesize="0">
    <padshape layer="TOP" shape="rectangle" width="70.866141732283" height="78.740157480314" />
    <padshape layer="TOP_SOLDER_MASK" shape="rectangle" width="78.740157480314" height="86.614173228345" />
    <padshape layer="TOP_SOLDER_PASTE" shape="rectangle" width="70.866141732283" height="78.740157480314" />
  </padstyle>
  <footprint name="CB33C20M0000" originx="0" originy="0" pickpointx="0" pickpointy="0">
    <pcbpin number="1" name="1" style="r200_180" originx="-99.999999999999" originy="-82.67716535433" rotation="0" />
    <pcbpin number="2" name="2" style="r200_180" originx="99.999999999999" originy="-82.67716535433" rotation="0" />
    <pcbpin number="3" name="3" style="r200_180" originx="99.999999999999" originy="82.67716535433" rotation="0" />
    <pcbpin number="4" name="4" style="r200_180" originx="-99.999999999999" originy="82.67716535433" rotation="0" />
    <line layer="TOP_ASSEMBLY" originx="-137.79527559055" originy="98.425196850392" endx="137.79527559055" endy="98.425196850392" width="7.8740157480314" />
    <line layer="TOP_ASSEMBLY" originx="137.79527559055" originy="98.425196850392" endx="137.79527559055" endy="-98.425196850392" width="7.8740157480314" />
    <line layer="TOP_ASSEMBLY" originx="137.79527559055" originy="-98.425196850392" endx="-137.79527559055" endy="-98.425196850392" width="7.8740157480314" />
    <line layer="TOP_ASSEMBLY" originx="-137.79527559055" originy="-98.425196850392" endx="-137.79527559055" endy="98.425196850392" width="7.8740157480314" />
    <line layer="TOP_PLACE_BOUND" originx="-177.16535433071" originy="161.41732283464" endx="177.16535433071" endy="161.41732283464" width="3.9370078740157" />
    <line layer="TOP_PLACE_BOUND" originx="177.16535433071" originy="161.41732283464" endx="177.16535433071" endy="-161.41732283464" width="3.9370078740157" />
    <line layer="TOP_PLACE_BOUND" originx="177.16535433071" originy="-161.41732283464" endx="-177.16535433071" endy="-161.41732283464" width="3.9370078740157" />
    <line layer="TOP_PLACE_BOUND" originx="-177.16535433071" originy="-161.41732283464" endx="-177.16535433071" endy="161.41732283464" width="3.9370078740157" />
    <line layer="TOP_SILKSCREEN" originx="-102.36220472441" originy="-141.73228346457" endx="-102.36220472441" endy="-141.73228346457" width="7.8740157480314" />
    <arc layer="TOP_SILKSCREEN" originx="-106.29921259842" originy="-141.73228346457" startangle=".0" sweepangle="180.0" radius="3.9370078740157" width="7.8740157480314" />
    <line layer="TOP_SILKSCREEN" originx="-110.23622047244" originy="-141.73228346457" endx="-110.23622047244" endy="-141.73228346457" width="7.8740157480314" />
    <arc layer="TOP_SILKSCREEN" originx="-106.29921259842" originy="-141.73228346457" startangle="180.0" sweepangle="180.0" radius="3.9370078740157" width="7.8740157480314" />
  </footprint>
  <symbol name="CB3-3C-20M0000" originx="0" originy="0">
    <line originx="200" originy="100" endx="1000" endy="100" width="0" />
    <line originx="1000" originy="-200" endx="1000" endy="100" width="0" />
    <line originx="1000" originy="-200" endx="200" endy="-200" width="0" />
    <line originx="200" originy="100" endx="200" endy="-200" width="0" />
    <sympin number="1" originx="200" originy="-100" rotation="180" length="100" width="7.8740157480315" flipped="False">
      <text name="pinname" originx="230" originy="-100" style="Default" rotation="0" justify="left" flipped="False" hidden="False" data="EOH" />
      <text name="pindes" originx="140" originy="-80" style="Default" rotation="0" justify="lowerright" flipped="False" hidden="False" data="1" />
    </sympin>
    <sympin number="2" originx="1000" originy="-100" rotation="0" length="100" width="7.8740157480315" flipped="False">
      <text name="pinname" originx="970" originy="-100" style="Default" rotation="0" justify="right" flipped="False" hidden="False" data="GND" />
      <text name="pindes" originx="1060" originy="-80" style="Default" rotation="0" justify="lowerleft" flipped="False" hidden="False" data="2" />
    </sympin>
    <sympin number="3" originx="1000" originy="0" rotation="0" length="100" width="7.8740157480315" flipped="False">
      <text name="pinname" originx="970" originy="0" style="Default" rotation="0" justify="right" flipped="False" hidden="False" data="OUTPUT" />
      <text name="pindes" originx="1060" originy="20" style="Default" rotation="0" justify="lowerleft" flipped="False" hidden="False" data="3" />
    </sympin>
    <sympin number="4" originx="200" originy="0" rotation="180" length="100" width="7.8740157480315" flipped="False">
      <text name="pinname" originx="230" originy="0" style="Default" rotation="0" justify="left" flipped="False" hidden="False" data="VCC" />
      <text name="pindes" originx="140" originy="20" style="Default" rotation="0" justify="lowerright" flipped="False" hidden="False" data="4" />
    </sympin>
  </symbol>
  <component name="CB3-3C-20M0000" designatorprefix="Y" height="70.866141732283" footprint="CB33C20M0000">
    <comppin designator="1" sympin="1" pinswap="0" gateswap="0" gate="1" group="1" side="" type="Any" name="EOH" />
    <comppin designator="2" sympin="2" pinswap="0" gateswap="0" gate="1" group="1" side="" type="Any" name="GND" />
    <comppin designator="3" sympin="3" pinswap="0" gateswap="0" gate="1" group="1" side="" type="Any" name="OUTPUT" />
    <comppin designator="4" sympin="4" pinswap="0" gateswap="0" gate="1" group="1" side="" type="Any" name="VCC" />
    <attached_symbol gate="1" name="CB3-3C-20M0000" />
    <pinmap designator="1" footprintpin="1" />
    <pinmap designator="2" footprintpin="2" />
    <pinmap designator="3" footprintpin="3" />
    <pinmap designator="4" footprintpin="4" />
    <text name="Datasheet" originx="0" originy="0" style="Default" rotation="0" justify="" flipped="False" hidden="True" data="https://componentsearchengine.com/Datasheets/1/CB3-3C-20M0000.pdf" />
    <text name="Description" originx="0" originy="0" style="Default" rotation="0" justify="" flipped="False" hidden="True" data="Oscillator XO 20MHz +/-50ppm 50pF HCMOS/TTL 55% 5V 4-Pin SMD T/R" />
    <text name="Mouser Part Number" originx="0" originy="0" style="Default" rotation="0" justify="" flipped="False" hidden="True" data="774-CB3-3C-20M0" />
    <text name="Mouser Price/Stock" originx="0" originy="0" style="Default" rotation="0" justify="" flipped="False" hidden="True" data="https://www.mouser.co.uk/ProductDetail/CTS-Electronic-Components/CB3-3C-20M0000?qs=HL%252BYNjdyZ0siopZOWdAAcw%3D%3D" />
    <text name="Manufacturer_Name" originx="0" originy="0" style="Default" rotation="0" justify="" flipped="False" hidden="True" data="CTS" />
    <text name="Manufacturer_Part_Number" originx="1050" originy="200" style="Default" rotation="0" justify="left" flipped="False" hidden="False" data="CB3-3C-20M0000" />
  </component>
</quadcept_library>
