<?xml version="1.0" encoding="utf-8"?>
<!--/695017/1111053/2.50/10/4/Relay or Contactor/-->
<quadcept_library>
  <setting unit="mil" />
  <textstyle name="Default" height="47.244094488189" strokewidth="7.8740157480315" charwidth="47.244094488189" />
  <textstyle name="Dimension" height="19.6850393700787" strokewidth="0" charwidth="19.6850393700787" />
  <textstyle name="H127W0635TH00762" height="50" strokewidth="3" charwidth="25" />
  <textstyle name="H15W15TH02" height="59.0551181102362" strokewidth="7.8740157480315" charwidth="59.0551181102362" />
  <padstyle name="c165_h110" surface="False" plated="True" isvia="False" nopaste="True" nomask="True" complex="False" holesize="43.307086614173">
    <padshape layer="TOP" shape="round" width="64.960629921259" height="64.960629921259" />
    <padshape layer="TOP_SOLDER_MASK" shape="round" width="72.83464566929" height="72.83464566929" />
    <padshape layer="INNER" shape="round" width="64.960629921259" height="64.960629921259" />
    <padshape layer="BOTTOM" shape="round" width="64.960629921259" height="64.960629921259" />
    <padshape layer="BOTTOM_SOLDER_MASK" shape="round" width="72.83464566929" height="72.83464566929" />
  </padstyle>
  <footprint name="V23079B1201B301" originx="0" originy="0" pickpointx="0" pickpointy="0">
    <pcbpin number="1" name="1" style="c165_h110" originx="-250" originy="-99.999999999999" rotation="90" />
    <pcbpin number="2" name="3" style="c165_h110" originx="-49.999999999999" originy="-99.999999999999" rotation="90" />
    <pcbpin number="3" name="4" style="c165_h110" originx="49.999999999999" originy="-99.999999999999" rotation="90" />
    <pcbpin number="4" name="5" style="c165_h110" originx="150" originy="-99.999999999999" rotation="90" />
    <pcbpin number="5" name="6" style="c165_h110" originx="250" originy="-99.999999999999" rotation="90" />
    <pcbpin number="6" name="7" style="c165_h110" originx="250" originy="99.999999999999" rotation="90" />
    <pcbpin number="7" name="8" style="c165_h110" originx="150" originy="99.999999999999" rotation="90" />
    <pcbpin number="8" name="9" style="c165_h110" originx="49.999999999999" originy="99.999999999999" rotation="90" />
    <pcbpin number="9" name="10" style="c165_h110" originx="-49.999999999999" originy="99.999999999999" rotation="90" />
    <pcbpin number="10" name="12" style="c165_h110" originx="-250" originy="99.999999999999" rotation="90" />
    <line layer="TOP_ASSEMBLY" originx="-285.43307086614" originy="141.73228346457" endx="285.43307086614" endy="141.73228346457" width="7.8740157480314" />
    <line layer="TOP_ASSEMBLY" originx="285.43307086614" originy="141.73228346457" endx="285.43307086614" endy="-141.73228346457" width="7.8740157480314" />
    <line layer="TOP_ASSEMBLY" originx="285.43307086614" originy="-141.73228346457" endx="-285.43307086614" endy="-141.73228346457" width="7.8740157480314" />
    <line layer="TOP_ASSEMBLY" originx="-285.43307086614" originy="-141.73228346457" endx="-285.43307086614" endy="141.73228346457" width="7.8740157480314" />
    <line layer="TOP_PLACE_BOUND" originx="-346.45669291338" originy="181.10236220472" endx="324.8031496063" endy="181.10236220472" width="3.9370078740157" />
    <line layer="TOP_PLACE_BOUND" originx="324.8031496063" originy="181.10236220472" endx="324.8031496063" endy="-181.10236220472" width="3.9370078740157" />
    <line layer="TOP_PLACE_BOUND" originx="324.8031496063" originy="-181.10236220472" endx="-346.45669291338" endy="-181.10236220472" width="3.9370078740157" />
    <line layer="TOP_PLACE_BOUND" originx="-346.45669291338" originy="-181.10236220472" endx="-346.45669291338" endy="181.10236220472" width="3.9370078740157" />
    <line layer="TOP_SILKSCREEN" originx="-285.43307086614" originy="141.73228346457" endx="285.43307086614" endy="141.73228346457" width="3.9370078740157" />
    <line layer="TOP_SILKSCREEN" originx="-285.43307086614" originy="-141.73228346457" endx="285.43307086614" endy="-141.73228346457" width="3.9370078740157" />
    <line layer="TOP_SILKSCREEN" originx="-285.43307086614" originy="59.055118110235" endx="-285.43307086614" endy="-59.055118110235" width="3.9370078740157" />
    <line layer="TOP_SILKSCREEN" originx="285.43307086614" originy="59.055118110235" endx="285.43307086614" endy="-59.055118110235" width="3.9370078740157" />
    <line layer="TOP_SILKSCREEN" originx="-303.14960629921" originy="-94.488188976377" endx="-303.14960629921" endy="-94.488188976377" width="7.8740157480314" />
    <arc layer="TOP_SILKSCREEN" originx="-303.14960629921" originy="-98.425196850392" startangle="90.0" sweepangle="-180.0" radius="3.9370078740157" width="7.8740157480314" />
    <line layer="TOP_SILKSCREEN" originx="-303.14960629921" originy="-102.36220472441" endx="-303.14960629921" endy="-102.36220472441" width="7.8740157480314" />
    <arc layer="TOP_SILKSCREEN" originx="-303.14960629921" originy="-98.425196850392" startangle="-90.0" sweepangle="-180.0" radius="3.9370078740157" width="7.8740157480314" />
  </footprint>
  <symbol name="V23079B1203B301" originx="0" originy="0">
    <line originx="200" originy="100" endx="1300" endy="100" width="0" />
    <line originx="1300" originy="-500" endx="1300" endy="100" width="0" />
    <line originx="1300" originy="-500" endx="200" endy="-500" width="0" />
    <line originx="200" originy="100" endx="200" endy="-500" width="0" />
    <sympin number="1" originx="200" originy="0" rotation="180" length="100" width="7.8740157480315" flipped="False">
      <text name="pinname" originx="230" originy="0" style="Default" rotation="0" justify="left" flipped="False" hidden="False" data="COIL_+" />
      <text name="pindes" originx="140" originy="20" style="Default" rotation="0" justify="lowerright" flipped="False" hidden="False" data="1" />
    </sympin>
    <sympin number="3" originx="200" originy="-100" rotation="180" length="100" width="7.8740157480315" flipped="False">
      <text name="pinname" originx="230" originy="-100" style="Default" rotation="0" justify="left" flipped="False" hidden="False" data="NC_1" />
      <text name="pindes" originx="140" originy="-80" style="Default" rotation="0" justify="lowerright" flipped="False" hidden="False" data="3" />
    </sympin>
    <sympin number="4" originx="200" originy="-200" rotation="180" length="100" width="7.8740157480315" flipped="False">
      <text name="pinname" originx="230" originy="-200" style="Default" rotation="0" justify="left" flipped="False" hidden="False" data="COM_1" />
      <text name="pindes" originx="140" originy="-180" style="Default" rotation="0" justify="lowerright" flipped="False" hidden="False" data="4" />
    </sympin>
    <sympin number="5" originx="200" originy="-300" rotation="180" length="100" width="7.8740157480315" flipped="False">
      <text name="pinname" originx="230" originy="-300" style="Default" rotation="0" justify="left" flipped="False" hidden="False" data="NO_1" />
      <text name="pindes" originx="140" originy="-280" style="Default" rotation="0" justify="lowerright" flipped="False" hidden="False" data="5" />
    </sympin>
    <sympin number="6" originx="200" originy="-400" rotation="180" length="100" width="7.8740157480315" flipped="False">
      <text name="pinname" originx="230" originy="-400" style="Default" rotation="0" justify="left" flipped="False" hidden="False" data="NO_PIN_1" />
      <text name="pindes" originx="140" originy="-380" style="Default" rotation="0" justify="lowerright" flipped="False" hidden="False" data="6" />
    </sympin>
    <sympin number="7" originx="1300" originy="-400" rotation="0" length="100" width="7.8740157480315" flipped="False">
      <text name="pinname" originx="1270" originy="-400" style="Default" rotation="0" justify="right" flipped="False" hidden="False" data="NO_PIN_2" />
      <text name="pindes" originx="1360" originy="-380" style="Default" rotation="0" justify="lowerleft" flipped="False" hidden="False" data="7" />
    </sympin>
    <sympin number="8" originx="1300" originy="-300" rotation="0" length="100" width="7.8740157480315" flipped="False">
      <text name="pinname" originx="1270" originy="-300" style="Default" rotation="0" justify="right" flipped="False" hidden="False" data="NO_2" />
      <text name="pindes" originx="1360" originy="-280" style="Default" rotation="0" justify="lowerleft" flipped="False" hidden="False" data="8" />
    </sympin>
    <sympin number="9" originx="1300" originy="-200" rotation="0" length="100" width="7.8740157480315" flipped="False">
      <text name="pinname" originx="1270" originy="-200" style="Default" rotation="0" justify="right" flipped="False" hidden="False" data="COM_2" />
      <text name="pindes" originx="1360" originy="-180" style="Default" rotation="0" justify="lowerleft" flipped="False" hidden="False" data="9" />
    </sympin>
    <sympin number="10" originx="1300" originy="-100" rotation="0" length="100" width="7.8740157480315" flipped="False">
      <text name="pinname" originx="1270" originy="-100" style="Default" rotation="0" justify="right" flipped="False" hidden="False" data="NC_2" />
      <text name="pindes" originx="1360" originy="-80" style="Default" rotation="0" justify="lowerleft" flipped="False" hidden="False" data="10" />
    </sympin>
    <sympin number="12" originx="1300" originy="0" rotation="0" length="100" width="7.8740157480315" flipped="False">
      <text name="pinname" originx="1270" originy="0" style="Default" rotation="0" justify="right" flipped="False" hidden="False" data="COIL_-" />
      <text name="pindes" originx="1360" originy="20" style="Default" rotation="0" justify="lowerleft" flipped="False" hidden="False" data="12" />
    </sympin>
  </symbol>
  <component name="V23079B1203B301" designatorprefix="K" height="354.33070866141" footprint="V23079B1201B301">
    <comppin designator="1" sympin="1" pinswap="0" gateswap="0" gate="1" group="1" side="" type="Any" name="COIL_+" />
    <comppin designator="3" sympin="3" pinswap="0" gateswap="0" gate="1" group="1" side="" type="Any" name="NC_1" />
    <comppin designator="4" sympin="4" pinswap="0" gateswap="0" gate="1" group="1" side="" type="Any" name="COM_1" />
    <comppin designator="5" sympin="5" pinswap="0" gateswap="0" gate="1" group="1" side="" type="Any" name="NO_1" />
    <comppin designator="6" sympin="6" pinswap="0" gateswap="0" gate="1" group="1" side="" type="Any" name="NO_PIN_1" />
    <comppin designator="7" sympin="7" pinswap="0" gateswap="0" gate="1" group="1" side="" type="Any" name="NO_PIN_2" />
    <comppin designator="8" sympin="8" pinswap="0" gateswap="0" gate="1" group="1" side="" type="Any" name="NO_2" />
    <comppin designator="9" sympin="9" pinswap="0" gateswap="0" gate="1" group="1" side="" type="Any" name="COM_2" />
    <comppin designator="10" sympin="10" pinswap="0" gateswap="0" gate="1" group="1" side="" type="Any" name="NC_2" />
    <comppin designator="12" sympin="12" pinswap="0" gateswap="0" gate="1" group="1" side="" type="Any" name="COIL_-" />
    <attached_symbol gate="1" name="V23079B1203B301" />
    <pinmap designator="1" footprintpin="1" />
    <pinmap designator="3" footprintpin="2" />
    <pinmap designator="4" footprintpin="3" />
    <pinmap designator="5" footprintpin="4" />
    <pinmap designator="6" footprintpin="5" />
    <pinmap designator="7" footprintpin="6" />
    <pinmap designator="8" footprintpin="7" />
    <pinmap designator="9" footprintpin="8" />
    <pinmap designator="10" footprintpin="9" />
    <pinmap designator="12" footprintpin="10" />
    <text name="Datasheet" originx="0" originy="0" style="Default" rotation="0" justify="" flipped="False" hidden="True" data="http://www.te.com/commerce/DocumentDelivery/DDEController?Action=showdoc&amp;DocId=Customer Drawing1393788-5C2pdfEnglishENG_CD_1393788-5_C2.pdf3-1393788-6" />
    <text name="Description" originx="0" originy="0" style="Default" rotation="0" justify="" flipped="False" hidden="True" data="DPDT-NO/NC Through Hole Latching Relay, 2 A, 12V dc" />
    <text name="Mouser Part Number" originx="0" originy="0" style="Default" rotation="0" justify="" flipped="False" hidden="True" data="655-V23079B1203B301" />
    <text name="Mouser Price/Stock" originx="0" originy="0" style="Default" rotation="0" justify="" flipped="False" hidden="True" data="https://www.mouser.co.uk/ProductDetail/TE-Connectivity-PB/V23079B1203B301?qs=CizG3IxbuFPu%2FPkh3nhEBw%3D%3D" />
    <text name="Manufacturer_Name" originx="0" originy="0" style="Default" rotation="0" justify="" flipped="False" hidden="True" data="TE Connectivity" />
    <text name="Manufacturer_Part_Number" originx="1350" originy="200" style="Default" rotation="0" justify="left" flipped="False" hidden="False" data="V23079B1203B301" />
  </component>
</quadcept_library>
